    ANO;MES;R.GLOBAL;  INSOLACAO;PRECIPITACAO;UMIDADE.RELATIVA;  VENTO.MAXIMO; VENTO.MEDIO; TEMPER.MAX; TEMPER.MIN; TEMPER.MEDIA; EVAPORACAO
1917;JAN;;;295,7;;;;28,1;18,3;23,2;
1918;JAN;;;291;;;;29,4;18,6;24;
1919;JAN;;;262,8;;;;29,2;17,9;23,5;
1920;JAN;;;209,9;;;;30,8;18,6;24,7;
1921;JAN;;8,6;265,7;;;;28,3;19,7;24;
1922;JAN;;8,7;387,2;;;;28,6;19,9;24,2;
1923;JAN;;9,8;219,7;;;;28,8;18,9;23,8;
1924;JAN;;10,4;108,5;;;;28,3;17,9;23,1;
1925;JAN;;11,7;117,9;;;;30,1;18,4;24,3;
1926;JAN;;4,3;237;;;;28,8;19,9;24,3;
1927;JAN;;5,6;200,6;;;;29,1;19,2;24,2;
1928;JAN;;7,4;195,5;;;;30,5;18,2;24,4;
1929;JAN;;2,6;490,9;;;;28;20,1;24;
1930;JAN;;5,7;257;;;;29,9;19;24,5;
1931;JAN;;6,4;324,2;;;;30,6;19,9;25,3;
1932;JAN;;4,8;204,2;;;;28;18;23;
1933;JAN;;4,7;119,6;;;;30;18,8;24,4;
1934;JAN;;4,2;220;;;;29,2;19,1;24,1;
1935;JAN;;6,5;91,2;;;;29,6;19,1;24,3;
1936;JAN;;7,7;84,8;;;;31,4;19,1;25,3;
1937;JAN;;4,7;139;;;;28,1;18,6;23,4;
1938;JAN;;6;158,3;;;;31,2;20,2;25,7;
1939;JAN;;5,5;275;;;;29,1;18,5;23,8;
1940;JAN;;6,4;220,8;;;;30,5;19,7;25,1;
1941;JAN;;10,2;215,1;;;;30,9;19,6;25,3;
1942;JAN;;7;136,6;;;;31,2;19,1;25,2;
1943;JAN;;4,9;325,6;74;;5,8;28,5;17,9;23,2;2,23
1944;JAN;;8,4;118,7;70;;6,7;31,3;18,6;24,9;3,06
1945;JAN;;5,8;322;74;;7,9;29,6;18,9;24,2;2,8
1946;JAN;;4,5;202,9;77;;9;29,4;19;24,2;2,21
1947;JAN;;4,8;352,7;80;;6,7;28,2;19,2;23,7;2,25
1948;JAN;;5,3;313,5;74;;6,1;30,2;19,1;24,7;3,51
1949;JAN;;6,9;210,8;68;;7,3;29,5;18,4;23,9;3,85
1950;JAN;;3,9;231;79;;4,2;28,2;19,1;23,7;2,17
1951;JAN;;4,7;284,7;81;;5,5;28,3;18,2;23,2;2,1
1952;JAN;;6,4;207;72;;5,1;30,3;18,7;24,5;3,22
1953;JAN;;6,2;251,6;69;;5,9;30,3;18,9;24,6;3,44
1954;JAN;;6;189,4;73;;5,4;31,6;18,8;25,2;2,65
1955;JAN;;5,5;272,8;75;;5,6;30,5;18,1;24,3;2,87
1956;JAN;;9,6;60,8;63;;6,5;33;19,7;26,4;4,97
1957;JAN;;6,7;313,6;76;;6,3;29,3;18,1;23,7;3,59
1958;JAN;;7,2;295,6;72;;8;30,4;18,9;24,6;3,96
1959;JAN;;6,5;258,4;75;;7,4;30;19,4;24,7;3,49
1960;JAN;;7,2;371,9;76;;6,9;29,8;17,9;23,8;3,81
1961;JAN;;5,9;135,5;76;;8,6;29,6;19,3;24,5;3,52
1962;JAN;;6,9;132,3;75;;5,9;29,4;18;23,7;3,74
1963;JAN;;3,3;308,4;81;;3,1;29,8;19,7;24,8;2,83
1964;JAN;;7,6;69,4;69;;7,9;31,2;18,3;24,7;4,66
1965;JAN;;4,8;326,6;76;;8,5;27,5;17,9;22,7;2,53
1966;JAN;;5,9;252,1;76;;11;30,2;19,3;24,8;3,37
1967;JAN;;6,3;272,2;79;;9,3;29,5;18,7;24,1;3,21
1968;JAN;;6,1;322,5;75;;7,5;29,7;18;23,8;3,22
1969;JAN;;7,9;126,1;73;;12,1;32,1;18,8;25,5;4,55
1970;JAN;;6,7;263,8;80;;11,7;29,4;18;23,7;3,12
1971;JAN;;8,3;180,6;68;;13,2;31,7;18,7;25,2;4,14
1972;JAN;;7,1;255,1;71;;;28,9;18,9;23,9;
1973;JAN;;;121,1;;;;;;;
1974;JAN;;;147,1;;;;;;;
1975;JAN;;5,8;168,1;76;;;29,4;18,5;23,9;
1976;JAN;;5,4;295,2;80;;;30,3;18,2;24,3;
1977;JAN;;4,3;322,7;84;;8,9;29,5;20,1;24,8;
1978;JAN;494;7,3;112,6;76;;7,9;31,2;18,3;24,8;
1979;JAN;462;6,4;122,4;75;;11,7;28,6;15,8;22,2;
1980;JAN;379;7,5;147,6;80;10,3;10,5;29,7;18,2;22,2;
1981;JAN;364;5,1;290,1;;8,9;7,5;28;18,6;22,3;6,18
1982;JAN;536;5;260;80;9,1;9;28,8;17,6;23,2;6,89
1983;JAN;514;4,9;207,5;81;10,4;9,2;29,5;19,6;24,5;6,6
1984;JAN;605;7,7;91,5;75;11,4;8,4;32,2;19,6;25,9;10,33
1985;JAN;486;5,5;131,8;82;10,7;10,5;29,2;18,6;23,9;6,3
1986;JAN;590;6,8;143;71;9,5;8,9;32,5;19,2;25,9;6,53
1987;JAN;416;6,6;342,9;79;10,7;8,3;30,8;19,7;25,3;6,3
1988;JAN;436;7,6;185,3;73;11,4;8,4;32,4;20;26,2;6,99
1989;JAN;386;5,5;370,8;70;10,6;9,2;29,8;19;24,4;5,37
1990;JAN;423;6,8;271,4;68;9,7;7,8;31,6;19,7;25,6;6,44
1991;JAN;422;6,6;266,6;77;10,2;9,4;30,5;18,8;24,7;6,28
1992;JAN;408;6,5;99,2;79;9,4;9;30,5;19;24,7;5,64
1993;JAN;408;5,7;179,9;82;9;7,2;31;19,7;25,3;5,77
1994;JAN;402;5,6;134,8;84;7,7;8,2;30,3;19,3;24,8;5,6
1995;JAN;429;6,3;197,3;84;9,3;6,9;31,9;20,6;26,2;5,75
1996;JAN;439;6,6;314,8;81;8,4;6,8;31,2;20,3;25,7;6,02
1997;JAN;361;4,2;352,2;87;8,8;6,8;29,7;20,1;24,9;4,86
1998;JAN;458;6,5;121,2;79;9,1;6,5;31,7;20,6;26,2;6,11
1999;JAN;383;4,9;382,8;88;8,7;5,4;30,6;20,4;25,5;6,04
2000;JAN;464;6,4;235,9;83;8,6;7,8;30,2;19,1;24,7;5,53
2001;JAN;509;7,4;229,6;75;9,1;6,9;31,9;19,6;25,8;6,28
2002;JAN;410;4,8;320,2;90;9,7;6,7;29,8;19,3;24,6;5,38
2003;JAN;362;4,2;302,4;92;7,8;6,6;29,6;20,2;24,9;5,39
2004;JAN;371;4,4;196,4;83;8,5;8,5;29,2;18,7;23,1;4,95
2005;JAN;363;3,6;238,7;92;7,9;7,1;29;20,1;24,6;3,52
2006;JAN;452;6,2;240,5;83;7,2;6,1;31,4;19,6;25,5;5,56
2007;JAN;374;3,8;267;92;8,5;6,6;29,3;20,1;24,7;4,14
2008;JAN;413;4,3;418,5;88;11,1;8,3;28,9;18,5;23,7;4,19
2009;JAN;430;4,7;162;84;10,3;7,4;28,9;19,2;24,1;4,13
2010;JAN;417;4,7;250,2;84;11,2;5,5;30,2;20,3;25,3;5,01
2011;JAN;481;6,3;421,7;80;9,7;5,4;31;20,2;25,6;5,07
2012;JAN;477;6,2;217;82;9,9;6,2;28,9;18,2;23,6;4,4
2013;JAN;452;5,5;232,3;84;10,2;7,5;29,6;19,2;24,4;5,37
2014;JAN;617;9,7;83,3;69;10,7;6,1;33,4;20,2;26,8;6,89
2015;JAN;586;8,3;104,1;72;10,2;6,1;33,7;21,6;27,7;7,28
2016;JAN;526;6,6;267,8;82;10,5;7,3;31,9;21,2;26,6;6,93
2017;JAN;439;5,4;334,5;82;9,7;6,1;30,2;20,3;25,3;5,95
2018;JAN;472;5,9;225;80;10;7,2;30,3;19,4;24,8;6,16
2019;JAN;;;;;;;;;;
1917;FEV;;;135,8;;;;28,3;18,4;23,3;
1918;FEV;;;81,3;;;;29,2;18,5;23,8;
1919;FEV;;;96,2;;;;29,1;18,8;23,9;
1920;FEV;;;135,3;;;;29,6;18,9;24,2;
1921;FEV;;11,2;101,5;;;;30,6;19,3;25;
1922;FEV;;9,5;176,6;;;;28,7;19,2;23,9;
1923;FEV;;9,8;144,4;;;;28,7;18,9;23,8;
1924;FEV;;9,7;154,2;;;;28,9;19,2;24,1;
1925;FEV;;13,5;55,2;;;;32,4;18,9;25,7;
1926;FEV;;8,7;20,6;;;;30,5;17;23,8;
1927;FEV;;7;259,4;;;;29,8;18,6;24,2;
1928;FEV;;6,6;220,6;;;;31,3;20,3;25,8;
1929;FEV;;5,3;331,6;;;;29,3;19,3;24,3;
1930;FEV;;6,2;427,8;;;;29,2;19;24,1;
1931;FEV;;5,3;334,4;;;;27,8;18,7;23,3;
1932;FEV;;6,5;95,7;;;;30,6;20;25,3;
1933;FEV;;6;150;;;;30,8;18,7;24,7;
1934;FEV;;7,5;103,4;;;;30,8;19,2;25;
1935;FEV;;3,3;194,4;;;;29,1;20,2;24,7;
1936;FEV;;7;203,4;;;;29,9;18,4;24,2;
1937;FEV;;7,7;95,8;;;;31,1;19,2;25,2;
1938;FEV;;6,9;120,6;;;;31,1;20;25,5;
1939;FEV;;8;279,9; ;;;30,6;19,1;24,8;
1940;FEV;;5,1;461,7;;;;28,2;18,6;23,4;
1941;FEV;;7,8;128,7;;;;31,9;19,5;25,7;
1942;FEV;;5,5;197,2;;;;30,5;19,9;25,2;
1943;FEV;;5,8;141,4;74;;6;29,8;18,3;24,1;2,33
1944;FEV;;5;215,2;74;;6,3;29,9;18,5;24,2;2,25
1945;FEV;;5,5;256,7;76;;5,1;30,3;19,7;25;2,31
1946;FEV;;4,6;192,6;79;;7,3;30,2;20,2;25,2;2,16
1947;FEV;;6;338,9;75;;5,6;30,3;19,9;25,1;2,64
1948;FEV;;5;247,7;79;;4,8;28,9;19,3;24,1;2,37
1949;FEV;;6,7;206,5;73;;6,7;28,9;17,6;23,2;3,23
1950;FEV;;5,5;321,7;78;;5,6;28,7;18,7;23,7;2,03
1951;FEV;;5,2;215,4;78;;7;29,1;18,7;23,9;2,22
1952;FEV;;3,6;218,6;79;;4,3;28,3;19;23,6;1,98
1953;FEV;;7;107,4;72;;5,1;29,5;18,3;23,9;3,21
1954;FEV;;5,4;204,2;75;;5,7;31,1;19,2;25,1;2,46
1955;FEV;;7,6;63,7;69;;5,1;33,2;18,6;25,9;3,41
1956;FEV;;7,5;136,9;71;;8,5;30,4;18,5;24,4;4,36
1957;FEV;;6,1;128,3;75;;7,1;28,2;18;23,1;3,76
1958;FEV;;6,4;143,8;76;;6,2;30,2;19,2;24,7;3,28
1959;FEV;;6,7;162,5;75;;7,2;31,2;19,3;25,2;3,53
1960;FEV;;4,1;332,8;81;;5,7;28,1;18,6;23,4;2,73
1961;FEV;;5,3;195,5;78;;7,7;29,5;19,2;24,4;3,05
1962;FEV;;7,2;246;78;;13,3;29,8;17,9;23,9;3,04
1963;FEV;;7,9;110,6;76;;4,8;30,3;18,7;24,5;3,35
1964;FEV;;5,1;202,6;76;;3,6;29,1;18,9;24;2,56
1965;FEV;;5,3;278,4;76;;6,6;28,2;18,9;23,5;1,61
1966;FEV;;7,3;198,8;75;;11,4;31,1;19,9;25,5;3,47
1967;FEV;;5,1;196,6;81;;6,4;29,8;19,2;24,5;2,63
1968;FEV;;7,6;91,5;69;;11,3;29,4;16,8;23,1;4,58
1969;FEV;;6,9;40,9;75;;12,4;32,1;19,7;25,9;4,23
1970;FEV;;4,9;293,4;84;;8,4;29,1;19;24;2,33
1971;FEV;;7,1;81,3;70;;13,7;32,3;19,2;27,5;4,6
1972;FEV;;;238,7;76;;;28;18,5;23,3;
1973;FEV;;;115,2;;;;;;;
1974;FEV;;8,8;60,1;71;;;32,1;19;25,5;
1975;FEV;;5;357,3;82;;;30,2;19,8;25;
1976;FEV;;4,4;287;71;;;28,4;16,8;22,6;
1977;FEV;;8,2;37,3;75;;8,3;33,1;20,3;26,7;
1978;FEV;506;8,2;111,6;75;;8;31,8;17,5;24,6;
1979;FEV;462;7;114,4;77;;8,9;30,8;16,7;23,7;
1980;FEV;339;;163,3;85;10,7;9,7;29,8;19;22,3;
1981;FEV;422;7,8;71,2;;10,2;8,3;32,3;19;25,8;7
1982;FEV;562;6,4;221,8;78;9,7;7,7;31,4;19,3;25,4;6,48
1983;FEV;580;6,1;283,9;81;10,4;7,9;30,5;19,2;24,8;6,1
1984;FEV;687;9,8;18,7;69;10,4;5,8;34,5;20,2;27,3;7,72
1985;FEV;425;6;118,6;81;10,1;7,5;31,5;19,8;25,7;5,18
1986;FEV;475;4,8;96,2;76;8,5;7,4;30,6;19,4;25;5,03
1987;FEV;436;5,7;203,1;77;11,4;9,2;30,4;18,7;24,6;7,01
1988;FEV;338;5,4;328,3;78;10,4;8,4;30,3;18,9;24,6;5,36
1989;FEV;373;5,6;298,3;68;9,5;7,9;29,9;19,6;24,7;5,15
1990;FEV;434;8;145,9;67;11,1;8;31,8;18,9;25,3;6,93
1991;FEV;405;6,3;217,6;79;8,9;7,7;30,4;18,5;24,4;5,47
1992;FEV;394;6,2;72,4;77;9,1;8,3;30,6;18,7;24,6;5,62
1993;FEV;340;3,7;232,1;85;7,7;7,3;28,8;18,8;23,8;4,62
1994;FEV;471;7,6;154,4;83;8,9;8,3;33;20,2;26,6;6,22
1995;FEV;322;4,6;415,6;88;6,8;6,9;29,9;20;25;5,12
1996;FEV;418;6,2;258,3;84;11,4;7,7;31,8;20,1;26;5,48
1997;FEV;424;7,6;87,1;80;8,9;6,7;31,7;19,5;24,7;6,14
1998;FEV;416;4,8;362,2;90;8,1;4,9;30;20,5;25,3;5,78
1999;FEV;410;5,4;198,3;90;8,7;5,6;30,7;20,1;25,4;5,29
2000;FEV;450;5,5;124;87;8,1;7,6;29,9;19,2;24,6;5,42
2001;FEV;457;6,2;92,7;82;10,1;5,7;31,7;20,4;26;6,02
2002;FEV;404;5,1;187,9;82;8,5;6,3;29;18,8;23,9;5,25
2003;FEV;458;7,3;58,6;83;6,5;5,7;32,5;20,5;26,5;5,82
2004;FEV;422;6,1;194;86;7,4;7,6;29,6;18,4;24;5,93
2005;FEV;509;8;67,8;80;9;6,9;31,5;18,1;24,8;6,15
2006;FEV;412;5;176,2;86;7,2;5,3;30,3;19,6;25;4,3
2007;FEV;505;7,3;241,9;85;8;6,5;31,6;19,3;25,5;5,53
2008;FEV;483;6,1;153,7;86;10,1;6;30,7;19;24,8;4,84
2009;FEV;458;5,8;143,5;83;9,1;5,7;30,6;20,1;25,3;4,34
2010;FEV;509;7,6;158,6;74;10,3;5,3;31,8;20,2;26;5,95
2011;FEV;486;7,1;145,5;77;9,9;4,8;31,9;20,2;26;5,7
2012;FEV;543;8,2;139,2;73;8,7;4,5;32,6;19,8;26,3;4,92
2013;FEV;483;7,2;114,3;82;10;5,4;31,7;19,9;25,8;5,48
2014;FEV;562;8,6;62,4;65;9,5;7,1;33,7;20,5;27,1;6,62
2015;FEV;483;6,8;248,2;84;10,5;4,9;32,2;20,9;26,5;5,68
2016;FEV;509;6,9;197,6;83;10,1;4,9;31,5;20,9;26,2;6,15
2017;FEV;503;7,6;88,8;74;9;6,8;32,2;20;26,1;7,23
2018;FEV;445;6,9;71,6;76;8,7;8,5;30,2;18,2;24,2;6,27
2019;FEV;437;5,4;152,9;80;9,3;7;30,2;19,4;24,8;5,6
1917;MAR;;;58,9;;;;28,6;16,9;22,7;
1918;MAR;;;152,1;;;;28,5;16,9;22,7;
1919;MAR;;;30,6;;;;29,4;17,4;23,4;
1920;MAR;;;164;;;;29;17,8;23,4;
1921;MAR;;11,6;17,8;;;;30,4;18,8;24,6;
1922;MAR;;9,5;117,2;;;;28,7;19,2;24;
1923;MAR;;9,7;311,4;;;;28,8;19,1;23,9;
1924;MAR;;11,2;139,5;;;;30,2;19;24,6;
1925;MAR;;12,5;84,7;;;;30,3;17,8;24;
1926;MAR;;6;214,4;;;;30;18,9;24,4;
1927;MAR;;7;189,6;;;;29,7;18,9;24,3;
1928;MAR;;5,6;155,9;;;;29,3;19,4;24,3;
1929;MAR;;5,1;32,6;;;;29,5;18,6;24;
1930;MAR;;9,2;23,4;;;;31,2;17,4;24,3;
1931;MAR;;6,6;184,3;;;;28,8;18,3;23,6;
1932;MAR;;7,6;124,8;;;;30;17,9;23,9;
1933;MAR;;7,7;41,6;;;;30,1;16,4;23,2;
1934;MAR;;7,9;46,7;;;;31,3;18,1;24,7;
1935;MAR;;7,5;140;;;;30,7;19,1;24,9;
1936;MAR;;6;202,4;;;;28,4;23,5;25,9;
1937;MAR;;6,2;206,2;;;;30;18,9;24,4;
1938;MAR;;8,3;107;;;;32;19,4;25,7;
1939;MAR;;6,9;169,9;;;;30,7;19,1;24,9;
1940;MAR;;8,9;96,8;;;;31,9;18,4;25,1;
1941;MAR;;6,9;84,5;;;;30,4;17,9;24,2;
1942;MAR;;5,4;206,7;;;;29,5;19;24,3;
1943;MAR;;7;269,8;74;;5;30,5;18,5;24,5;2,28
1944;MAR;;7,1;182,9;72;;5,5;30,7;18,3;24,5;2,43
1945;MAR;;6,4;85,5;71;;7,2;29,6;18;23,8;2,74
1946;MAR;;4,3;112,8;76;;8,3;28,2;17,8;23;2,49
1947;MAR;;5,1;130,7;76;;7,5;27,6;17,8;22,7;2,39
1948;MAR;;7,1;104,3;73;;7,4;28,5;16,7;22,6;2,66
1949;MAR;;7,2;183,3;74;;5,5;30,9;19;24,9;2,82
1950;MAR;;5,2;161,1;75;;6,7;28,6;18,2;23,4;2,45
1951;MAR;;6,2;160,4;77;;4,9;29,2;17,9;23,5;2,38
1952;MAR;;4,6;102,4;76;;5,4;28,4;18,5;23,4;2,67
1953;MAR;;6;161,8;73;;4,6;29,2;18,3;23,7;2,91
1954;MAR;;5,5;136,6;75;;4,2;30,7;17,7;24,2;2,26
1955;MAR;;5,9;194,5;74;;5;30,2;17,5;23,9;2,72
1956;MAR;;7,8;47,1;69;;9,1;29,9;17;23,5;4,08
1957;MAR;;6,9;185,6;75;;5,7;28,6;17,3;23;3,26
1958;MAR;;6,8;167,6;76;;5,1;28,6;16,7;22,6;3,01
1959;MAR;;6,5;196,2;76;;7,6;29,3;17,5;23,4;3,11
1960;MAR;;8,1;74,6;73;;6,5;29,7;17,2;23,4;3,84
1961;MAR;;6,1;129,6;77;;6,1;29,4;18;23,7;3,31
1962;MAR;;6,2;329;78;;4,9;29,7;18;23,8;3,22
1963;MAR;;7,5;56;74;;5,9;31,9;19;25,4;3,97
1964;MAR;;7,7;11,8;67;;6,4;30,3;16,6;23,5;4,44
1965;MAR;;6,2;147,5;76;;7;27,6;16,5;22;1,93
1966;MAR;;6,1;55,6;73;;8,1;29,3;17,6;23,4;3,27
1967;MAR;;6,2;152,1;80;;8,8;29,4;18,3;23,9;2,71
1968;MAR;;6,1;45,5;73;;6,7;30,1;17,4;23,8;3,75
1969;MAR;;7,7;173,8;72;;12,7;31,9;17,8;24,9;4,33
1970;MAR;;6,8;96,5;76;;7;30,7;18,3;24,5;3,56
1971;MAR;;6,5;173,5;75;;11,5;31,2;18,6;24,9;3,55
1972;MAR;;;92,1;71;;;30,3;18,2;24,3;
1973;MAR;;;83,5;;;;;;;
1974;MAR;;5,6;301,3;81;;;28,2;18,2;23,2;
1975;MAR;;7,3;32,9;74;;;31;18,5;24,8;
1976;MAR;;6,4;140,9;68;;;29,9;16,4;23,2;
1977;MAR;;6,3;199,8;83;;8,2;31,4;19,7;25,5;
1978;MAR;402;6,6;85,1;78;;6,6;30,5;17;23,7;
1979;MAR;410;7,4;84,7;76;;8,9;29,7;15,2;22,4;
1980;MAR;346;7,8;42,3;76;7,9;7,7;32,2;18,8;23,5;
1981;MAR;336;6,6;65,5;76;10,4;9,4;31,1;18,3;24,7;7,1
1982;MAR;455;3,9;132,3;84;8,9;8,1;28,8;18,6;23,7;4,49
1983;MAR;535;5,8;225,6;80;10,2;9,6;28,9;17,7;23,3;5,31
1984;MAR;547;6,5;47,1;74;10,4;9,1;32;18,8;25,4;6,23
1985;MAR;407;6,2;203,1;78;9;7,3;30;18,9;24,4;5,91
1986;MAR;401;5,4;320,8;79;9,2;7,8;30,8;18,5;24,6;4,42
1987;MAR;445;8;105,6;71;9,4;8;30,9;17,3;24,1;5,73
1988;MAR;385;8,2;194,3;70;9,3;8;31,2;18,1;24,6;6,14
1989;MAR;379;6,9;99;67;9,1;7,3;30,6;18,5;24,6;5,43
1990;MAR;365;6,8;240,2;72;9;6,3;30,9;19,1;25;5,56
1991;MAR;297;4,1;431,9;84;8,1;8,5;28;18,6;23,3;4,02
1992;MAR;329;5,1;232,7;84;8,7;6,9;29,7;18,2;23,9;5,04
1993;MAR;373;6,3;155,9;80;7;6,5;30,9;18,6;24,7;4,87
1994;MAR;392;6,6;222,7;84;8;8,9;29,7;18,5;24,1;5,24
1995;MAR;352;5,4;194,6;83;8;7,4;30,4;18,5;24,5;4,77
1996;MAR;382;6,4;146,5;85;8,9;7,3;30,5;19,4;25;4,72
1997;MAR;380;7,7;73,1;73;8;8,2;29,9;17,5;23,7;5,91
1998;MAR;380;6;127,8;85;7,8;5,8;31;19,8;25,4;5,06
1999;MAR;429;7,7;210,8;81;7,9;7,7;31,4;19;25,2;5,36
2000;MAR;411;5,4;185,3;84;9,5;7;29,7;18,5;24,1;4,62
2001;MAR;450;7;164,2;77;8,3;6;31,5;19,3;25,4;5,15
2002;MAR;462;7,9;274,6;74;7,9;5,4;32;19,5;25,8;5,97
2003;MAR;410;6,1;180,9;86;7,7;6,8;30;18,6;24,3;4,78
2004;MAR;420;7,1;79,1;83;7,2;7,3;29,5;17,3;23,4;5,65
2005;MAR;382;5,2;111,6;86;8,1;6,6;30,6;18,8;24,7;4,22
2006;MAR;418;5,9;154;82;8,4;6,3;31;19,3;25,2;4,39
2007;MAR;471;7,7;80,5;92;7,3;5,4;32,5;19;25,8;5,08
2008;MAR;467;7,2;132,4;82;9,7;6,9;29,7;18,2;24;4,48
2009;MAR;457;6,9;125,1;79;8,1;5,9;30,8;19,4;25,1;4,72
2010;MAR;425;6,6;99;76;10,1;6,6;30,5;19,2;24,9;5,19
2011;MAR;360;4,4;222,2;83;8,6;6,7;28,2;19,4;23,8;4,06
2012;MAR;516;8,7;63,5;74;9,6;6,1;31,1;18,4;24,8;5,35
2013;MAR;431;6,3;141,5;82;9,5;6,4;30,6;19,3;25;4,43
2014;MAR;503;8,4;108,8;78;9,7;6,1;31,4;19,3;25,4;5,75
2015;MAR;401;5,8;134,3;86;7,6;4,6;30,1;19,9;25;5,08
2016;MAR;426;7,1;126,7;83;9,7;5,4;30,5;19,6;25;5,99
2017;MAR;472;7,8;137;77;10;7,7;30,6;18,4;24,5;6,28
2018;MAR;466;8,2;204,5;79;9,7;6,4;32,1;19,6;25,8;5,54
2019;MAR;465;7;73,4;79;9,7;6,9;30,5;19,2;24,8;5,32
1917;ABR;;;116,2;;;;26,7;13,9;20,3;
1918;ABR;;;25,2;;;;27,3;14,7;21;
1919;ABR;;;78;;;;28,2;16,4;22,3;
1920;ABR;;;50,2;;;;28,5;15,5;22;
1921;ABR;;14,9;31,7;;;;28,4;13,5;21;
1922;ABR;;11,5;29,5;;;;28,2;16,7;22,5;
1923;ABR;;11,7;89,8;;;;28,9;17,2;23,1;
1924;ABR;;13,8;15,4;;;;29,1;15,2;22,1;
1925;ABR;;13,2;40,4;;;;30,4;17,2;23,8;
1926;ABR;;5,7;238,5;;;;27,3;16,9;22,1;
1927;ABR;;8,2;22,5;;;;29;16,2;22,6;
1928;ABR;;7,3;34,2;;;;30,3;17,9;24,1;
1929;ABR;;7,1;68,2;;;;26,9;13,4;20,2;
1930;ABR;;7,1;41;;;;28,7;15,2;22;
1931;ABR;;7,3;103;;;;28,5;16,3;22,4;
1932;ABR;;6,9;30,4;;;;29,7;16,7;23,2;
1933;ABR;;7,4;4;;;;28,3;14,1;21,2;
1934;ABR;;5,9;21,6;;;;28,9;16,3;22,6;
1935;ABR;;6,7;68,8;;;;26,9;14,4;20,6;
1936;ABR;;7,9;37,8;;;;28,6;15,4;22;
1937;ABR;;5,8;203;;;;26,3;15,9;21,1;
1938;ABR;;7;66;;;;28,4;16,3;22,3;
1939;ABR;;7,5;49,7;;;;27,7;15,7;21,7;
1940;ABR;;6,9;18;;;;30,2;17,2;23,7;
1941;ABR;;7,6;56,2;;;;30,7;17,4;24;
1942;ABR;;5,6;84,3;;;;27,1;15,9;21,5;
1943;ABR;;8;37,1;71;;6,3;26,8;13,4;20,1;2,3
1944;ABR;;7,2;23;69;;6;27,9;14,3;21,1;2,61
1945;ABR;;7,1;120,5;71;;6;28,5;15,6;22;2,68
1946;ABR;;7,6;18,1;70;;7,4;27,5;13,3;20,4;3,16
1947;ABR;;7,2;10,2;68;;;28,6;14,6;21,6;3,26
1948;ABR;;8,2;38,6;69;;5,3;28,3;14;21,2;3,16
1949;ABR;;7,3;54,6;69;;6;26,7;13,6;20,1;3,11
1950;ABR;;6,4;121,6;74;;4,3;27,6;16,1;21,9;2,28
1951;ABR;;13,3;22,2;69;;5,4;32,5;11,2;21,8;3,06
1952;ABR;;5,8;52,5;72;;4,4;26;12,8;19,4;3,04
1953;ABR;;6,9;74,4;77;;9,1;26,3;14,6;20,4;2,3
1954;ABR;;6,6;30,5;70;;5,6;28,7;13,8;21,2;2,75
1955;ABR;;6,5;120;74;;5,7;28,3;15,8;22,1;2,78
1956;ABR;;6,1;90,6;73;;10;27,4;15,5;21,5;3,92
1957;ABR;;6,5;66,9;76;;6,4;26,5;14,9;20,7;2,97
1958;ABR;;6,1;128,2;77;;5,2;26,2;14,7;20,5;2,4
1959;ABR;;7,6;45,2;71;;5,4;30,8;16,9;23,9;3,59
1960;ABR;;6,5;38,4;74;;5,6;27;14,4;20,7;3,25
1961;ABR;;5,9;101,7;78;;4,9;28,4;16,3;22,3;2,93
1962;ABR;;6,9;17,2;72;;5,5;28,6;14,2;21,4;4,37
1963;ABR;;8,2;5;66;;4,9;30;16,6;23,3;4,54
1964;ABR;;6,7;10,7;70;;5;29,8;16,3;23,1;3,99
1965;ABR;;7,3;55,3;72;;7,5;28,6;15,1;21,9;3,3
1966;ABR;;7;18,2;67;;9,9;28,5;15,2;21,9;3,88
1967;ABR;;8,3;3,6;71;;8,2;29;14,9;22;3,66
1968;ABR;;7,3;32,7;69;;8,4;27;12,1;19,6;3,59
1969;ABR;;7,7;53,1;72;;16,6;28,5;14,4;21,5;3,89
1970;ABR;;7,7;83,2;72;;3,6;28,7;14,8;21,8;3,19
1971;ABR;;7,5;28,3;70;;11,2;28,3;18,5;23,4;3,75
1972;ABR;;;101,5;66;;;23,2;11,5;17,7;
1973;ABR;;;88;;;;;;;
1974;ABR;;6,5;21,4;76;;;26,2;14,4;20,3;
1975;ABR;;6,8;37,3;75;;;28,1;14,4;21,3;
1976;ABR;;6;19,2;85;;;26,5;14,7;20,6;
1977;ABR;;6;107,7;86;;9,2;26,5;15,2;20,9;
1978;ABR;405;8;15,5;74;;6,5;29;12,4;20,7;
1979;ABR;288;7;63,9;76;;8,3;27,8;12,4;20,1;
1980;ABR;255;6,2;165,3;79;7,8;7,5;28,7;16,1;20,7;
1981;ABR;306;7;74,5;77;9,6;7,7;28,8;14,6;20,9;5,3
1982;ABR;523;7,4;125,7;78;8,5;9,1;26,9;14;20,5;4,9
1983;ABR;450;5,4;189,5;80;8;7;28,3;16,4;22;3,81
1984;ABR;464;6,2;51,5;78;9,2;8,5;28,8;16,2;22,5;5,4
1985;ABR;430;6,8;134,5;76;8,4;8,1;29,6;16,9;23,2;4,93
1986;ABR;404;8,2;47,5;74;5,7;8;30,1;16,5;23,3;4,02
1987;ABR;329;6,6;70,6;76;9,2;8,7;29,3;17,6;23,4;4,45
1988;ABR;301;5,9;140;75;8,4;8,4;28,7;17,2;23;4,26
1989;ABR;330;7,8;103,9;65;9,8;7,3;29,6;16,5;23,1;5,13
1990;ABR;362;7,8;37,2;67;8,9;7,1;30,6;17,6;24,1;4,59
1991;ABR;349;7,4;129,6;79;7,6;7,4;28,4;16,1;22,2;4,03
1992;ABR;334;6,8;79,9;80;6,7;7;28;15,9;22;3,9
1993;ABR;346;7,8;57,7;81;5,4;6;29,7;16,8;23,3;4,34
1994;ABR;354;7,3;114,9;81;7,9;7,7;29;16,6;22,8;4,28
1995;ABR;373;7,8;85,7;81;5,2;6,6;29,2;16;22,6;4,52
1996;ABR;358;8;12;78;8,2;7,9;29,5;16,7;23,1;4,66
1997;ABR;356;7,6;22;73;7;6,8;28,7;15;21,9;4,63
1998;ABR;355;6,9;66,7;81;7,2;6,8;28,4;17;22,7;3,96
1999;ABR;388;8,1;89;81;7,9;7,1;28,5;15,2;21,9;4,21
2000;ABR;451;9,1;0,8;72;7,2;6,2;29,4;14,5;21,9;4,02
2001;ABR;420;8,2;24,1;73;7,4;6,3;30,6;17,1;23,9;4,17
2002;ABR;393;8,7;27,2;70;6,8;6;31,8;17,6;24,7;5,04
2003;ABR;346;6,5;55,2;83;5,5;5,6;29,1;16,1;22,6;3,96
2004;ABR;355;6,1;92,3;83;6,2;6,2;29;17,1;23;4,14
2005;ABR;377;6,5;30,7;81;6,5;5,2;30,2;17,7;24;3,86
2006;ABR;377;6,4;33,7;80;6,5;6,1;28,3;15,8;22,1;3,77
2007;ABR;388;7;36,8;93;7,7;6,7;30,1;17,7;23,9;4,18
2008;ABR;360;5,9;174,6;84;8,7;6;28;17,1;22,6;3,45
2009;ABR;433;8,2;21,8;76;7,9;6,3;28,6;15,9;22,2;4,22
2010;ABR;398;7,6;76,4;74;8,6;5,8;28,4;16,7;22,5;4,48
2011;ABR;382;6,7;135,1;77;7,9;4,9;28,7;17,2;23;3,7
2012;ABR;397;7,2;160;77;7,9;5,1;29,5;17,6;23,5;4,49
2013;ABR;408;7;201,2;80;7,6;5,5;28,5;16,3;22,4;4,4
2014;ABR;431;8,2;54;76;8,6;6,5;29,2;17,2;23,2;5,72
2015;ABR;440;8,7;12,8;79;8,7;5,9;29,7;17,5;23,6;5,98
2016;ABR;426;8,7;6;70;7,7;5,3;31,3;18;24,6;5,97
2017;ABR;378;6,8;128,5;77;7,8;7,8;28,3;16,7;22,5;5,27
2018;ABR;403;8,7;35,1;73;7,5;6,9;29,6;15,9;22,8;4,63
2019;ABR;433;8;162,4;77;8,2;6,1;29,8;17,6;23,7;4,23
1917;MAI;;;58,5;;;;22,2;8,6;15,4;
1918;MAI;;;22,9;;;;26,1;12,3;19,2;
1919;MAI;;;38,9;;;;26,8;13,5;20,2;
1920;MAI;;;12,3;;;;26,3;10,6;18,4;
1921;MAI;;17,3;26,5;;;;27,6;10,2;18,9;
1922;MAI;;14,5;17,4;;;;27,1;13;20,1;
1923;MAI;;11,4;82,9;;;;24,3;12,9;18,6;
1924;MAI;;14,3;53,9;;;;26,9;12,9;19,9;
1925;MAI;;13,2;59;;;;26,3;13,1;19,7;
1926;MAI;;6,8;33,7;;;;25;11,6;18,3;
1927;MAI;;8,3;0;;;;26,7;10,8;18,7;
1928;MAI;;7,6;61,6;;;;26,8;12,2;19,5;
1929;MAI;;6,8;119,8;;;;24,6;11,9;18,2;
1930;MAI;;7,7;14;;;;27,4;12,9;20,1;
1931;MAI;;6,6;37;;;;25,2;12,6;18,9;
1932;MAI;;5,4;98,2;;;;25;13,3;19,2;
1933;MAI;;6,6;77;;;;25,8;11,7;18,7;
1934;MAI;;9,5;0;;;;27,9;11,5;19,7;
1935;MAI;;8,9;6,8;;;;25,9;9,7;17,8;
1936;MAI;;8,5;26,6;;;;37,7;15,3;26,5;
1937;MAI;;7;74,4;;;;24,4;12,3;18,4;
1938;MAI;;7,2;85,5;;;;26;12,2;19,1;
1939;MAI;;6,5;129,8;;;;25,5;14,1;19,8;
1940;MAI;;7,4;15,1;;;;27,6;14,2;20,9;
1941;MAI;;7,5;15,2;;;;27,4;13,8;20,6;
1942;MAI;;6,3;21,8;;;;25,2;11,8;18,5;
1943;MAI;;8,4;1,2;65;;4,8;27,3;10,9;19,1;3,2
1944;MAI;;7,8;0,9;67;;5,7;26,2;10,7;18,5;2,64
1945;MAI;;7,1;14,3;71;;4,5;24,8;10;17,4;2,39
1946;MAI;;6,1;16,9;68;;7,3;28;12,9;20,4;3,24
1947;MAI;;6,6;39,1;73;;5,4;26,6;13,6;20,1;2,59
1948;MAI;;6,1;52,6;70;;7,4;25,8;13,2;19,5;2,91
1949;MAI;;7,2;49;70;;4,8;24,7;10,6;17,6;2,84
1950;MAI;;7,9;8,6;70;;5;27,2;13;20,1;2,85
1951;MAI;;7,2;8,3;70;;4,1;26,1;9,9;18;2,93
1952;MAI;;7,4;0;65;;4,7;27;10,6;18,8;3,79
1953;MAI;;6,3;27,7;73;;5,9;25,6;12,7;19,1;2,43
1954;MAI;;4,1;99,1;80;;4,3;25,3;13;19,2;1,6
1955;MAI;;6,4;57,3;71;;4,9;25,9;10,4;18,2;2,7
1956;MAI;;4,4;114,5;83;;5,3;22,7;11,8;17,2;1,93
1957;MAI;;7;4,2;73;;5,4;24,9;11;18;2,93
1958;MAI;;7,9;172,4;81;;5,6;23,9;12,7;18,3;2,06
1959;MAI;;7,1;29,4;74;;6;27,4;13,5;20,5;3,24
1960;MAI;;7;80,6;76;;4,6;24,3;10,2;17,2;2,77
1961;MAI;;6,5;34,5;80;;4,4;26;12,4;19,2;2,51
1962;MAI;;7;30,8;74;;4,2;25,3;10,7;18;3,59
1963;MAI;;7,8;4,2;64;;5,9;27,7;9,4;18,6;4,73
1964;MAI;;6,7;44;73;;6,1;24,8;11,8;18,3;2,85
1965;MAI;;6;78,3;77;;6,6;24,9;12,3;18,6;2,38
1966;MAI;;5,9;43,7;74;;6,6;26;12,7;19,3;2,94
1967;MAI;;8,2;4,2;66;;5,6;28,3;11,9;20,1;3,78
1968;MAI;;7,5;14;67;;5,2;25,2;7,8;16,5;3,62
1969;MAI;;6,6;36,6;70;;12,9;27,3;11,3;19,3;3,82
1970;MAI;;6,8;75,1;77;;8,2;27,7;13,9;20,8;2,84
1971;MAI;;5;91,4;77;;9,5;24,6;11,9;18,3;3,54
1972;MAI;;6,8;64;75;;;;;;
1973;MAI;;;36;78;;;;;;
1974;MAI;;7,1;6,6;74;;;18,1;7;12,5;
1975;MAI;;7,2;11,3;76;;;26,1;12,1;19,2;
1976;MAI;;5,2;46,4;90;;;24,4;10,3;17,4;
1977;MAI;;6,7;0,9;80;;7,6;25,5;11,1;18,3;
1978;MAI;295;6,5;74;76;;5,6;25,7;9,9;17,8;
1979;MAI;172;5,8;96,9;81;;7,8;26;11,2;18,6;
1980;MAI;222;6,4;13,4;76;5,8;9,1;27,8;12,8;18,8;
1981;MAI;260;7,2;44,9;77;7,4;7,2;27,9;12,6;20,3;4,47
1982;MAI;439;6,5;62,7;76;7,5;7,5;25,4;10,6;18,4;3,39
1983;MAI;365;4,5;334,7;83;10,2;8,5;26,5;15,2;21,2;3
1984;MAI;399;6,9;45,9;79;7,1;7;29;14,4;21,7;3,8
1985;MAI;402;7,2;42,6;75;6,3;6,9;26,7;11,4;19;3,19
1986;MAI;286;5,5;88,6;79;6,4;7,4;27,5;14,4;20,9;2,91
1987;MAI;244;5,4;199,9;81;9,9;8;25;13,9;19,5;2,89
1988;MAI;262;5,5;104,3;73;8,4;6,5;26,4;14;20,2;3,16
1989;MAI;285;7,4;33;67;9,1;6,9;26;11,5;18,8;3,48
1990;MAI;312;7,3;47,1;71;7,4;7,5;25,3;11,4;18,4;3,15
1991;MAI;314;8;42,1;77;6,6;7;26,8;12,6;19,7;3,34
1992;MAI;266;5,7;73,8;82;7,1;7,1;26,6;14,8;20,7;3,05
1993;MAI;283;6,6;119,7;80;6,3;7,5;26,2;13,1;19,7;3,71
1994;MAI;268;6;56,2;82;5,9;6,1;26,8;15;20,9;2,85
1995;MAI;282;6,3;64,2;85;3,7;5,9;25,9;13,7;18,8;2,71
1996;MAI;301;6,8;36,3;80;7,6;6,4;26,2;12,8;19,5;2,92
1997;MAI;305;6,6;55;78;7,6;6,6;25,7;12,6;19,2;3
1998;MAI;293;6,2;97,6;81;5,8;6,1;25;12,8;18,9;2,95
1999;MAI;328;7,5;51,3;79;7,3;7,3;25,4;11,2;18,3;3,07
2000;MAI;347;7,4;5,3;74;8,1;7;26,6;11,2;18,9;3,27
2001;MAI;316;6,1;60,6;78;7,3;5,9;25,4;12,9;19,2;2,8
2002;MAI;298;6,1;112,4;77;7,3;6,5;26,8;14,5;20,7;3,09
2003;MAI;324;7,3;54,7;80;5,9;6,6;25,8;11,8;18,8;3,2
2004;MAI;269;5;105,9;89;5,6;5,8;24,3;12,8;18,6;2,66
2005;MAI;316;6,7;164,3;77;6,7;6,1;27,9;13,7;20,8;3,67
2006;MAI;320;6,3;2;76;3;6,1;25,4;10,7;18;2,72
2007;MAI;333;6,8;58,4;92;6,9;7,1;25,9;12,8;19,4;3,18
2008;MAI;340;6,9;72,4;78;6,8;6,3;24,7;12,5;18,6;2,82
2009;MAI;357;7,2;10,6;78;8,1;5,9;27,5;13,9;20,7;2,98
2010;MAI;338;7,1;24,4;76;7,5;5,3;25,6;13,2;19,4;3,13
2011;MAI;349;7,4;28,7;75;7,3;5,6;25,8;12,2;19;3,08
2012;MAI;366;8;59,9;77;7,4;6,2;25,9;13,5;19,7;3,38
2013;MAI;332;6,5;83,6;78;6,8;4,9;27,1;14,3;20,7;3,47
2014;MAI;350;7,3;39,8;75;7,7;5,8;26,9;13,6;20,2;4,99
2015;MAI;327;6,2;86,7;83;7,3;5;26,3;14,9;20,6;4,71
2016;MAI;288;5,7;105,7;81;7,4;5,7;25,2;13,8;19,5;3,92
2017;MAI;313;6,6;161,6;81;6,7;6,4;26,2;14,8;20,5;4,6
2018;MAI;330;8,1;11,7;71;7;6,9;27,9;12,3;20,1;3,9
2019;MAI;339;6,6;55,2;78;7,2;5,8;27,9;15,1;21,5;3,23
1917;JUN;;;13;;;;23,3;6,3;14,8;
1918;JUN;;;15,8;;;;24,3;8,8;16,5;
1919;JUN;;;170,3;;;;24,2;11,5;17,8;
1920;JUN;;;16;;;;25,2;9,6;17,4;
1921;JUN;;14,5;25,3;;;;24,4;9,8;17,1;
1922;JUN;;12,8;72,6;;;;24,5;11,6;18;
1923;JUN;;11,6;114,7;;;;23,3;11,7;17,5;
1924;JUN;;15,5;19;;;;25,5;10,1;17,8;
1925;JUN;;14;73,5;;;;23,5;9,4;16,4;
1926;JUN;;7,4;32;;;;27;11,9;19,5;
1927;JUN;;6,4;31;;;;24,3;10,5;17,4;
1928;JUN;;6,6;66,3;;;;25,2;11;18,1;
1929;JUN;;7,9;4,8;;;;25,8;10;17,9;
1930;JUN;;7,8;22;;;;28,1;12;20;
1931;JUN;;6,9;16;;;;24,3;10,3;17,3;
1932;JUN;;6,4;44;;;;23,9;10,8;17,4;
1933;JUN;;7,1;53,8;;;;24,4;7,9;16,1;
1934;JUN;;8,4;37,5;;;;26;11,5;18,8;
1935;JUN;;6,9;53,8;;;;25,4;11,7;18,6;
1936;JUN;;9,1;2;;;;27,9;12,7;20,3;
1937;JUN;;7,7;46;;;;25;10,7;17,8;
1938;JUN;;7,8;0;;;;25,9;10,3;18,1;
1939;JUN;;6,6;58,7;;;;22,9;11,5;17,2;
1940;JUN;;8,3;4,2;;;;26,4;10,6;18,5;
1941;JUN;;7,1;49,2;;;;25,1;9,5;17,3;
1942;JUN;;5,6;46,4;;;;23,4;10,6;17;
1943;JUN;;6,6;33;73;;4,1;24,9;11,7;18,3;2,2
1944;JUN;;7,6;13,1;64;;6,1;26;9,3;17,6;3,01
1945;JUN;;6;187,1;74;;5,6;22,8;9,5;16,2;2,5
1946;JUN;;6,7;19,6;69;;6,3;24,8;9,4;17,1;2,98
1947;JUN;;6,8;15;66;;5,7;25,9;10,7;18,3;2,93
1948;JUN;;7,8;4,1;68;;6,2;25,6;9;17,3;3,14
1949;JUN;;6,7;45;72;;5,1;24,9;11,2;18,1;2,81
1950;JUN;;6,9;47,9;71;;5,5;25,1;11,4;18,2;2,69
1951;JUN;;7,1;15,5;67;;4,7;24,1;8,7;16,4;3,35
1952;JUN;;4,4;96,9;73;;4,2;24,3;11;17,6;2,83
1953;JUN;;6,1;24,3;75;;3,7;24,5;10,3;17,4;2,09
1954;JUN;;4,6;69,7;78;;5;26;11,7;18,8;1,46
1955;JUN;;5,4;26,5;73;;6,2;24,8;10,3;17,6;2,27
1956;JUN;;4,4;70,2;80;;8,1;21;10;15,5;2,34
1957;JUN;;6;20,1;72;;6,4;23,9;10,3;17,1;3,4
1958;JUN;;7,5;70,1;73;;6;24,7;10,2;17,4;2,92
1959;JUN;;7,7;19,3;69;;5,7;25,5;8,2;16,9;3,38
1960;JUN;;6,7;63,3;73;;5,7;24,4;9,4;16,9;2,99
1961;JUN;;6,7;14,6;77;;4,8;25,3;11,5;18,4;3,03
1962;JUN;;6,8;51,7;77;;4,4;23,4;8,1;15,7;2,91
1963;JUN;;6,9;0;63;;6,6;25,8;7,6;16,7;4,94
1964;JUN;;5,4;15;72;;4,9;23,8;9,7;16,7;3,2
1965;JUN;;6,1;27,8;78;;7,4;25,7;11,9;18,8;1,96
1966;JUN;;6,9;0;63;;7,8;26,6;10,4;18,5;4,32
1967;JUN;;4,9;81,5;76;;6,4;24,4;11,4;17,9;2,59
1968;JUN;;6,5;27,1;72;;11,5;25,3;8,6;16,9;3,4
1969;JUN;;7,1;30;70;;11,6;26,1;10,7;18,4;3,95
1970;JUN;;5,8;40,2;77;;6;25,8;12,6;19,2;2,83
1971;JUN;;5;109,3;82;;9,6;23,3;10,3;16,8;1,45
1972;JUN;;7,9;5,3;91;;;28,1;10,1;19,1;
1973;JUN;;;35,7;75;;;;;;
1974;JUN;;5,4;115,8;83;;;22,2;9;15,6;
1975;JUN;;6,8;0;74;;;25,2;9,6;17,4;
1976;JUN;;6,7;61,8;87;;;24,3;7,4;15,9;
1977;JUN;;5;46,8;81;;6,9;24,3;11,6;17,9;
1978;JUN;274;7,1;40,6;78;;4,8;24,8;7,6;16,2;
1979;JUN;140;7,3;0;73;;7,8;24,8;8,1;16,5;
1980;JUN;194;6,6;36,3;74;7,5;8,1;24,9;8,9;15,6;
1981;JUN;312;5,3;68,5;78;7,3;7,6;23,7;9,4;16,5;3,41
1982;JUN;354;5,1;162,7;83;9,1;8,2;25,1;13,5;19,3;2,76
1983;JUN;319;4,6;174;81;8,1;7;23,6;12,7;18,1;2,51
1984;JUN;409;8,4;0;70;8,1;8,3;28,3;10,6;19,5;4,05
1985;JUN;373;7,5;22,5;72;6,6;7,3;24,3;8,1;16,2;3
1986;JUN;322;8,2;0;73;5,3;8;26,4;8,9;17,6;3,19
1987;JUN;263;6,3;122,7;77;6,8;8;24,5;9,7;17,1;2,78
1988;JUN;267;7,2;26,8;65;8;8,9;23,6;9,2;16,4;2,86
1989;JUN;233;6;47;71;7,8;7,4;24,1;10,5;17,3;2,49
1990;JUN;282;7,1;12,7;70;8,5;7,5;25,6;9,7;17,7;2,83
1991;JUN;245;6,3;35,1;77;6,9;7,5;25,7;12;18,9;2,77
1992;JUN;277;7;0,6;75;5,4;7,3;27;12,4;19,7;3,04
1993;JUN;264;6,6;47;81;5,4;8,3;24,7;11,6;18,2;2,74
1994;JUN;265;6,9;36,7;78;5,8;7,1;24,8;10,3;17,6;2,45
1995;JUN;275;7,1;23,5;80;4,6;7,6;26;11,4;18,7;2,77
1996;JUN;280;7,3;23,3;76;8,2;7,9;25,6;11;18,3;3,1
1997;JUN;250;5,6;124,5;84;7,1;6,2;23,5;11,4;17,4;2,48
1998;JUN;279;6,7;26,6;87;6,3;6,5;24,1;9,9;17;2,54
1999;JUN;257;6;68,6;83;5,6;6;23,9;11;17,5;2,55
2000;JUN;304;6,7;5,2;71;7,7;6,8;27,2;11,4;19,3;2,92
2001;JUN;282;5,7;19,9;77;6,5;5,1;25,1;11,9;18,5;2,53
2002;JUN;307;7,4;0;68;5,6;6,2;27,9;12,6;20,3;2,88
2003;JUN;294;7;9,2;80;4,6;5,3;27,8;12,4;20,1;3,12
2004;JUN;258;5,3;49,7;85;4,3;5;24,6;10,7;17,6;2,41
2005;JUN;288;6,2;42,5;79;5,7;5,7;26,5;12,9;19,7;2,43
2006;JUN;285;6,6;18,6;81;6;6,1;26,3;10,3;18,3;2,88
2007;JUN;336;8,1;22,6;90;6,3;6,3;27,3;11,3;19,4;2,92
2008;JUN;305;6,4;43,5;80;6,8;5,8;25,3;12,6;19;2,34
2009;JUN;313;6,5;55,1;78;7,1;5,4;23,7;9,8;16,7;2,45
2010;JUN;351;8,3;16,7;72;7,5;4,6;25,7;10;17,8;2,89
2011;JUN;327;7,4;49,3;76;7,1;5,3;24,5;9,2;16,8;2,79
2012;JUN;274;5,7;169,7;85;7,5;4,9;24,4;13,9;19,1;1,83
2013;JUN;267;4,9;123;87;6,5;3,7;26,2;14,5;20,4;2,43
2014;JUN;342;8,2;1,4;74;7,4;5,5;26,9;12,8;19,8;4,47
2015;JUN;329;7,8;3,8;78;6,8;5,8;26,5;13,7;20,1;5,45
2016;JUN;264;6,2;171,1;80;6;5,5;23,8;11;17,4;3
2017;JUN;305;7,1;17,8;78;6,7;6,2;25,1;11,8;18,4;3,11
2018;JUN;260;5,4;8,9;73;5,9;6,4;27,5;12,9;20,2;2,89
2019;JUN;337;7,8;10,6;72;7,5;7,5;27;12,2;19,6;2,89
1917;JUL;;;13,3;;;;24;7,7;15,9;
1918;JUL;;;55,1;;;;23,7;8,7;16,2;
1919;JUL;;;0;;;;26,8;9,7;18,2;
1920;JUL;;;42,9;;;;25,2;10,8;18;
1921;JUL;;17;3,8;;;;24,5;7,6;16;
1922;JUL;;14,6;22;;;;24,5;9,9;17,2;
1923;JUL;;17;5,7;;;;23,5;6,6;15;
1924;JUL;;18;0;;;;26,2;8,2;17,2;
1925;JUL;;13,4;33;;;;22;8,6;15,3;
1926;JUL;;7;139,2;;;;24,6;9,4;17;
1927;JUL;;8,4;6;;;;25,2;7,3;16,3;
1928;JUL;;7,5;29,3;;;;25;10;17,5;
1929;JUL;;8,7;11,8;;;;25,7;8,6;17,1;
1930;JUL;;7,7;68,5;;;;25,6;10,7;18,1;
1931;JUL;;7,6;38,9;;;;25,9;10,9;18,4;
1932;JUL;;8,9;5,6;;;;26,4;10,3;18,3;
1933;JUL;;5,3;7;;;;24,7;8,5;16,6;
1934;JUL;;8,6;0;;;;25,5;8,5;17;
1935;JUL;;7,4;16,4;;;;26,4;12;19,2;
1936;JUL;;8,1;20,8;;;;26,5;9,8;18,2;
1937;JUL;;8,5;0;;;;26,2;10,8;18,5;
1938;JUL;;9,5;13;;;;26,6;9,5;18,1;
1939;JUL;;7,2;20,4;;;;21,8;8,2;15;
1940;JUL;;8,3;1,1;;;;28,1;10,4;19,3;
1941;JUL;;6,6;15,3;;;;24,5;9,8;17,1;
1942;JUL;;6,3;57,5;;;;22;7,7;14,8;
1943;JUL;;8,3;0,7;62;;6,3;25,8;8,5;17,1;3,29
1944;JUL;;7,8;2,7;60;;6,5;24,4;7,9;16,1;3,29
1945;JUL;;7,4;29,6;68;;6,7;24,6;10,7;17,6;2,67
1946;JUL;;7,5;88,9;69;;7;24;9,2;16,6;2,94
1947;JUL;;8,6;48,1;71;;6,9;23,1;9;16,1;2,66
1948;JUL;;5,8;40;66;;8;26,1;12,2;19,2;3,53
1949;JUL;;7,2;0;65;;4,9;25,7;9;17,3;3,58
1950;JUL;;7,9;13;66;;4,8;25,5;9,5;17,5;3,29
1951;JUL;;8,4;8;63;;5,3;24,5;6,4;15,5;3,54
1952;JUL;;7,4;4,8;65;;4,5;25,5;9;17,3;3,56
1953;JUL;;6,7;14,9;65;;6,3;24,4;7,4;15,9;3,4
1954;JUL;;6,1;8,7;69;;4,8;27,3;9,8;18,5;2,52
1955;JUL;;6;10,9;66;;5,9;25,7;10,6;18,1;3,53
1956;JUL;;6,1;53,3;75;;7,6;23,1;9,9;16,5;2,72
1957;JUL;;6,3;90,6;77;;6,2;22,7;10,3;16,5;2,79
1958;JUL;;6,3;15,2;75;;3,8;25;11;18;2,71
1959;JUL;;8,1;0,1;58;;6,4;28,5;9,8;19,2;5,3
1960;JUL;;7,9;0;65;;8,5;25,5;9,4;17,5;4,41
1961;JUL;;8,1;0,1;66;;5,1;26,7;9,2;18;4,2
1962;JUL;;7;20,5;68;;3,5;23,5;7,7;15,6;3,95
1963;JUL;;7,4;0;57;;3,9;28,1;8,7;18,4;5,76
1964;JUL;;5,3;77;73;;4,5;22,8;8,3;15,5;2,88
1965;JUL;;6,2;50,9;75;;10,3;24,1;10,5;17,3;3,21
1966;JUL;;6,5;12,1;60;;10;26,8;11,3;19,1;4,83
1967;JUL;;6,4;13,4;71;;6,7;25,3;10,1;17,7;3,08
1968;JUL;;7,4;17,6;66;;13,1;24,8;8,4;16,6;4,16
1969;JUL;;7,3;15,5;68;;12,4;26,4;9,6;18;4,31
1970;JUL;;6,9;10,5;72;;7,3;25;9,8;17,4;3,69
1971;JUL;;;35,6;;;;;;;
1972;JUL;;6;145,1;76;;;24,7;9;16,9;
1973;JUL;;;59,6;76;;;;;;
1974;JUL;;7,9;0;74;;;26,2;9,6;17,9;
1975;JUL;;7,6;39,6;72;;;24,8;7,9;16,3;
1976;JUL;;6,6;77,7;86;;;23,2;7,1;15,2;
1977;JUL;;8,1;6,7;70;;9,6;28,3;10,6;19,4;
1978;JUL;290;6,8;78,9;75;;6,1;26,3;8,3;17,3;
1979;JUL;136;6,6;28;71;;9,5;24,2;8,1;16,1;
1980;JUL;217;6,3;0;73;7,9;9,2;26,6;9,9;17,3;
1981;JUL;383;6,5;1,6;70;8,3;10,1;23,5;8,3;15,9;3,9
1982;JUL;430;7,2;24,5;77;7,2;7,8;25,8;11,3;18,5;3,14
1983;JUL;390;6,2;24;68;9;9;26,1;11,7;19;3,89
1984;JUL;407;7,9;8,9;65;9,2;10;28,1;10,9;19,5;4,91
1985;JUL;369;8,7;1,5;64;7,7;9;25;7,3;16,1;4,12
1986;JUL;306;7,3;10,5;70;7;9,1;25;9,9;17,4;3,63
1987;JUL;299;8,2;10,7;69;7,7;9,9;27,4;11,6;19,5;3,76
1988;JUL;311;8,3;0;61;8,5;9,4;23,5;7,1;15,3;3,48
1989;JUL;295;7,3;85,2;63;9,1;8,6;24,2;8,2;16,2;3,18
1990;JUL;266;6,4;134,6;73;9,2;8,5;23,6;9,8;16,7;2,87
1991;JUL;282;7,5;15,2;73;5,8;7,6;25,1;10,3;17,7;3,07
1992;JUL;279;6,5;36,6;74;7,2;8,8;24,9;11,3;18,1;3,49
1993;JUL;279;7,1;13,7;76;5,4;7,9;26,5;11,8;19,1;3,28
1994;JUL;317;8,3;24,7;71;7,6;9,2;27;10,7;18,8;3,9
1995;JUL;274;6,6;59,1;77;4;7,2;26,8;12,9;19,8;3,02
1996;JUL;302;7,7;2,3;75;7;8,1;25,1;9,5;17,3;3,32
1997;JUL;307;7,3;15,4;77;6,5;5,5;26,1;11,3;18,7;2,85
1998;JUL;299;7,2;13,9;81;5,9;6,7;25,9;10,8;18,4;2,91
1999;JUL;289;6,7;2,7;77;6,3;7,1;26,4;12;19,2;3,07
2000;JUL;320;6,5;60,4;72;7,7;7,2;24,7;8,8;16,6;2,9
2001;JUL;305;5,9;27,2;72;7,4;6,8;26,3;10,9;18,6;2,64
2002;JUL;267;6;23,4;68;5,5;6,1;25,2;10,2;17,7;2,86
2003;JUL;290;6,7;16,4;72;5,8;7,2;26,8;11;18,9;3,6
2004;JUL;280;5,6;78,4;83;6,3;7,5;23,8;11;17,4;2,65
2005;JUL;307;6,3;8,1;78;6,6;7,3;25,2;11,4;18,3;2,94
2006;JUL;273;6,4;32,4;79;6,1;6,4;27,1;10,7;18,9;3,12
2007;JUL;301;6,6;169,3;87;7,6;6,9;25;10,9;18;2,89
2008;JUL;375;8,7;0;66;7,1;6,3;26,7;9,8;18,2;3,67
2009;JUL;268;4,8;61,6;84;7,8;5,4;24,2;12,6;18,4;1,92
2010;JUL;339;7,5;62,9;68;8,1;6,2;26,9;12,6;19,8;3,73
2011;JUL;336;7,4;3;71;6,9;5,7;26,9;12,4;19,7;3,24
2012;JUL;368;8,6;25,3;72;7,4;5,7;26,1;11,1;18,6;2,79
2013;JUL;310;6,8;44;81;8,1;5,8;25,7;11,8;18,7;2,85
2014;JUL;329;7,1;25,9;73;8,1;6,4;25,8;11,8;18,8;4,07
2015;JUL;280;5,3;37,2;81;5,8;4,6;25,6;13,9;19,7;3,47
2016;JUL;334;7,8;2,4;67;5,5;7,1;26,9;10,6;18,8;4,12
2017;JUL;348;8,6;0;68;7,3;7,1;25,3;9,5;17,4;3,92
2018;JUL;322;8,3;2,4;62;6,1;7,2;28,7;10,1;19,4;2,82
2019;JUL;362;8,2;51,3;71;8;7,6;26;9,4;17,7;3,35
1917;AGO;;;5,4;;;;26,4;7,5;16,9;
1918;AGO;;;26,9;;;;24,8;8,3;16,6;
1919;AGO;;;54,6;;;;24;9,9;17;
1920;AGO;;;16,8;;;;24,1;8,2;16,2;
1921;AGO;;15,6;26,5;;;;28,1;12,5;20,3;
1922;AGO;;14,7;76,2;;;;26,7;12;19,3;
1923;AGO;;15,2;31,5;;;;26,5;11,3;18,9;
1924;AGO;;17,3;13;;;;26,6;9,2;17,9;
1925;AGO;;18,9;0;;;;30;11;20,5;
1926;AGO;;6,7;59,8;;;;25,7;11,9;18,8;
1927;AGO;;6,7;63,1;;;;25,6;10,3;17,9;
1928;AGO;;8,5;1,7;;;;26,1;9,9;18;
1929;AGO;;7,2;50,2;;;;25,9;10,9;18,4;
1930;AGO;;7,4;47,1;;;;27,5;12,2;19,9;
1931;AGO;;8,5;11;;;;27,2;9;18,1;
1932;AGO;;8,1;46,2;;;;24,9;10,4;17,6;
1933;AGO;;8,7;15,4;;;;27,6;9,3;18,4;
1934;AGO;;9,3;6;;;;27,6;10,6;19,1;
1935;AGO;;8,1;18,4;;;;26,6;11,3;19;
1936;AGO;;6,6;106,4;;;;33;14,9;23,9;
1937;AGO;;8,2;67;;;;28;12;20;
1938;AGO;;7,4;32,5;;;;26,7;11,7;19,2;
1939;AGO;;9,1;0;;;;27,9;9,5;18,7;
1940;AGO;;7,9;3,2;;;;29,1;11,7;20,4;
1941;AGO;;7,5;17,6;;;;29;13,4;21,2;
1942;AGO;;9,3;4;;;;27,5;9,5;18,5;
1943;AGO;;7,6;13,5;59;;8,7;25,8;9,8;17,8;3,83
1944;AGO;;8,4;0;49;;7;29;10,5;19,8;5,05
1945;AGO;;8,3;1,6;59;;5,2;29,9;12,9;21,4;3,97
1946;AGO;;9;0,3;53;;6,7;28,7;11;19,8;4,96
1947;AGO;;9;68,6;68;;6,8;25,5;10,8;18,2;3,48
1948;AGO;;6,4;15,4;63;;8;26,2;10,3;18,2;3,98
1949;AGO;;7,2;5,8;59;;8;27,3;10,9;19,1;5,27
1950;AGO;;8,6;0;54;;6,7;29,6;11,3;20,4;5,1
1951;AGO;;7,1;33,2;63;;7,6;25,8;9,7;17,8;4,3
1952;AGO;;8,1;7;58;;6,4;28,2;11,1;19,7;5,63
1953;AGO;;7,2;23,2;58;;6,7;28,5;9,8;19,2;3,01
1954;AGO;;7;0;56;;7;29,2;10,2;19,7;4,19
1955;AGO;;6,1;86,5;63;;5,8;27,4;9,8;18,6;4,49
1956;AGO;;8,1;74;66;;11,2;23,8;9,1;16,5;4,17
1957;AGO;;7;51,7;66;;7,3;26,2;11,5;18,8;4,53
1958;AGO;;8;3,1;60;;7,4;28,2;12,4;20,3;5,38
1959;AGO;;6,4;72,3;66;;7,2;26,9;11,1;19;4,76
1960;AGO;;6,5;22,3;62;;9,5;27,7;12,4;20;5,27
1961;AGO;;8;11,9;57;;6,7;29,3;10,6;20;6,05
1962;AGO;;7,4;42;61;;2,4;27,3;9,8;18,5;5,05
1963;AGO;;6,5;7,6;51;;6,1;29,1;10,8;19,9;7,25
1964;AGO;;6,7;18,2;65;;7,6;27,3;12,1;19,7;4,67
1965;AGO;;7,8;3,8;61;;9,1;27,9;10,9;19,4;5,37
1966;AGO;;6,6;27,8;59;;9;26,9;11;19;4,69
1967;AGO;;7,5;0;54;;7,6;30,3;12;21,1;5,93
1968;AGO;;6,9;36,9;67;;14,5;25,6;9,5;17,5;4,61
1969;AGO;;7,3;31,1;62;;13,8;28,4;11,8;20,1;5,32
1970;AGO;;6,8;98,7;66;;5,8;25,8;10,3;18;4,54
1971;AGO;;;3,3;;;;;;;
1972;AGO;;;51,6;;;;25,6;11,4;18,5;
1973;AGO;;;19,4;72;;;;;;
1974;AGO;;7,8;5;68;;;27,9;10,5;19,2;
1975;AGO;;8,7;32;59;;;30,3;13,2;22,1;
1976;AGO;;5,8;61,4;80;;;25,7;9,9;17,8;
1977;AGO;;7,9;19,7;69;;9,9;28,7;11,4;20,1;
1978;AGO;335;7,2;4,6;68;;6,7;25,9;8,2;17,1;
1979;AGO;140;6,8;81,4;70;;9,2;27,6;11,9;19,8;
1980;AGO;232;5,8;22,6;73;9,1;10,1;25,3;12,2;18,4;
1981;AGO;440;6,1;3,6;68;8,4;9,7;27,5;10,7;19,1;5,09
1982;AGO;447;6,4;44,7;75;8;8,4;26,6;12,3;19,6;4,05
1983;AGO;553;8,3;2,2;62;9,5;9,3;27,3;10,5;19;4,6
1984;AGO;444;7,1;112,1;73;9,7;10,7;26,2;11,7;19;4,83
1985;AGO;430;8,2;21,8;60;9,5;9,6;29;10,5;19,7;5,46
1986;AGO;292;6;133,2;75;7,7;8,7;26,1;12,8;19,4;4,03
1987;AGO;335;8,2;5,9;62;9;10;26,7;9,8;18,3;4,82
1988;AGO;358;9,5;0;52;7,9;9,1;28,6;10;19,3;5,01
1989;AGO;361;8,3;32;61;10,6;9;26,6;10,5;18,5;4,34
1990;AGO;302;6,2;40,9;75;10,5;9,1;25,7;10,9;18,3;3,66
1991;AGO;328;7,9;4,7;66;7,3;9;27,8;12,4;20,1;4,58
1992;AGO;321;6,4;11,1;72;7,3;8,4;26,6;11,6;19,1;3,96
1993;AGO;303;6,9;51,8;74;5,3;7,6;26,2;10,6;18,4;3,64
1994;AGO;381;8,7;0;67;7,4;8,7;28,4;11;19,7;4,49
1995;AGO;369;9;1,2;68;5,6;8,3;30,4;13,1;21,7;4,85
1996;AGO;373;8,5;23,7;68;7,5;8,5;28,6;11,3;19,9;4,77
1997;AGO;362;7,7;15,9;71;7,2;7,1;27,8;11,2;19,5;3,77
1998;AGO;310;6,2;21,8;77;8,2;7,2;27,4;14,4;20,9;3,54
1999;AGO;375;8,4;0;64;6,4;8;27,9;10,2;19,1;3,85
2000;AGO;324;5,7;84,4;68;8,9;8,4;26,5;12,5;19,5;3,46
2001;AGO;391;7,4;44,2;65;8,9;7,3;28;12,5;20,2;3,66
2002;AGO;317;6,7;79,6;62;7,5;7,4;28,9;14,3;21,6;3,99
2003;AGO;332;6,6;17,8;73;6,5;7,6;26,2;10,8;18,5;3,78
2004;AGO;399;8;0;65;7;7,5;27,1;10,1;18,6;4,3
2005;AGO;386;7,9;24,1;69;8,3;7,8;29,2;12,2;20,7;4,62
2006;AGO;348;7,4;17,4;70;7,7;7,2;29,4;11,9;20,7;4,44
2007;AGO;407;8,4;0;69;7,8;7,5;28,7;11,6;20,2;4,14
2008;AGO;397;7,7;68,7;71;8,9;7,6;27,7;13,5;20,6;4,07
2009;AGO;384;7,1;61,4;71;8,6;7,2;26,3;13,2;19,7;3,69
2010;AGO;433;8,8;0;58;8,3;7,7;27,9;10,4;19,2;4,81
2011;AGO;374;7,3;31,5;66;8,8;7,1;27,9;13,2;20,5;4,38
2012;AGO;471;10;0;64;8;6,2;28,4;11,7;20;4,03
2013;AGO;413;8,5;2,5;65;8,4;7,1;27,8;10,9;19,4;3,61
2014;AGO;434;9,1;10,7;69;8,5;7,3;29,2;12,2;20,7;6,28
2015;AGO;441;9,3;32,3;64;7,9;5,9;29,1;12,6;20,9;5,9
2016;AGO;365;7,4;45,4;67;7,4;8,1;27,8;12,4;20,1;4,76
2017;AGO;328;7;50,6;70;7,5;8,1;26,3;12,3;19,3;4,59
2018;AGO;325;6,4;105,7;73;7,2;7,7;25,7;11,3;18,5;3,66
2019;AGO;396;7,8;6,2;67;9,4;9,3;27,7;11,5;19,6;4,18
1917;SET;;;62,2;;;;27,8;12,2;20;
1918;SET;;;68,6;;;;26,4;12,8;19,6;
1919;SET;;;44,6;;;;27,4;14,4;20,9;
1920;SET;;;111,3;;;;26,2;11,8;19;
1921;SET;;14,9;35,2;;;;26,6;11,7;19,2;
1922;SET;;15,2;7,7;;;;28,4;13,2;20,8;
1923;SET;;12,2;200,5;;;;25,6;13,4;19,5;
1924;SET;;16,2;15,5;;;;28,7;12,6;20,7;
1925;SET;;13,2;42,7;;;;27,3;14;20,7;
1926;SET;;6,6;69;;;;29;15,4;22,2;
1927;SET;;6,3;257,4;;;;26,2;14;20,1;
1928;SET;;6,9;0;;;;29,5;13,7;21,6;
1929;SET;;5,2;33;;;;27,5;13,8;20,6;
1930;SET;;7;52,6;;;;28,1;12,9;20,5;
1931;SET;;5,9;138,2;;;;25,9;13;19,5;
1932;SET;;7,5;48,6;;;;29,6;13,2;21,4;
1933;SET;;6;50,8;;;;28,2;13,5;20,8;
1934;SET;;5,3;59,8;;;;27,2;14,1;20,7;
1935;SET;;4,9;223,8;;;;25,5;14,2;19,9;
1936;SET;;6,3;88;;;;26,3;13;19,6;
1937;SET;;8,4;13,8;;;;29,4;11,5;20,4;
1938;SET;;5,7;80,3;;;;28;13,7;20,9;
1939;SET;;7,3;19,3;;;;26,8;12,6;19,7;
1940;SET;;8,4;28,1;;;;29,8;12,3;21;
1941;SET;;4,3;190,4;;;;23,4;12,1;17,8;
1942;SET;;6,7;22,8;;;;27,8;11,9;19,8;
1943;SET;;6;72,9;63;;6,9;26,3;11,3;18,8;3,58
1944;SET;;6,9;13,3;51;;7,3;30,2;13,5;21,8;5,16
1945;SET;;7,5;29,2;59;;8,6;28,7;13,3;21;4,08
1946;SET;;7,3;21,3;52;;8,2;29,9;13,6;21,7;5,61
1947;SET;;6,9;124;70;;8,3;25,8;13;19,4;3,14
1948;SET;;5,1;9,1;57;;9,1;29,5;12,3;20,9;5,2
1949;SET;;6;15,8;54;;7,5;29,1;12,2;20,7;5,85
1950;SET;;6;11,1;53;;8,2;29,3;12,9;21,1;5,08
1951;SET;;7,2;2,3;53;;6,3;29,5;11,9;20,7;6,04
1952;SET;;5,9;40,7;62;;7,4;27,1;13;20,1;4,81
1953;SET;;5,9;75,6;65;;10,1;28,8;14,3;21,5;4,87
1954;SET;;2,2;23,2;60;;7,4;30,4;13,8;22,1;4,56
1955;SET;;5,5;1;55;;7;30,5;12,2;21,3;5,72
1956;SET;;6,8;72,7;66;;10;27,6;13,9;20,8;5,27
1957;SET;;5,8;123,4;74;;7,7;25,4;13,2;19,3;3,13
1958;SET;;6,9;96,4;64;;9,9;26,3;13,1;19,7;5,17
1959;SET;;6,6;23,2;60;;8;30,5;14,3;22,4;5,81
1960;SET;;7,3;8,7;55;;10;30,3;12,8;21,5;7,21
1961;SET;;6,5;2,2;57;;6,8;32,6;15,5;24;7,21
1962;SET;;6,8;32,2;66;;6,4;28,7;14;21,3;5,12
1963;SET;;5,5;3,6;50;;7,5;33,1;14,9;24;8,43
1964;SET;;7,1;61,3;56;;8,8;29,5;13,3;21,4;6,32
1965;SET;;5,7;51,3;58;;10,6;30,4;14,4;22,4;6,71
1966;SET;;6,8;128,7;61;;10,6;27,3;12,3;19,8;5,28
1967;SET;;6;88,7;63;;10,7;29,1;13,9;21,5;5,56
1968;SET;;6,9;16,3;59;;16,9;28,2;12,1;20,2;7,07
1969;SET;;5,2;59,3;61;;12,8;30,6;14,5;22,6;6,38
1970;SET;;6,1;90,6;72;;7,7;26,8;13,3;20;3,57
1971;SET;;;35,9;;;;;;;
1972;SET;;6,3;38,8;;;;27,5;13,2;20,4;
1973;SET;;;55,5;74;;;;;;
1974;SET;;7,1;24;66;;;30,6;13,7;22,2;
1975;SET;;6,9;55,1;64;;;30,3;14,9;22,6;
1976;SET;;4,6;124,8;79;;;24,7;11,8;18,3;
1977;SET;;6,9;91,4;73;;8,8;29,1;13,6;21,3;
1978;SET;397;7;57,2;71;;8,6;26,9;11,8;19,3;
1979;SET;166;5,1;98,6;76;;11,3;26,2;13,3;19,7;
1980;SET;288;5,5;62,5;71;10,5;10,5;24,7;11,7;18;
1981;SET;492;6;5,9;60;10,2;11,2;30,5;13,5;22;6,99
1982;SET;553;7,3;8,1;68;9,4;10,2;28,6;13,1;20,8;5,74
1983;SET;406;3,8;197,4;78;11,4;10,3;24,1;13,6;18,9;4,55
1984;SET;544;7,5;90,4;69;10,6;9,3;27;12,3;19,7;5,46
1985;SET;488;7,5;76,4;64;9,2;10,6;28,4;13,9;21,1;6,17
1986;SET;375;7,4;36,7;64;9;11;27,7;14,1;20,9;5,47
1987;SET;349;6;72,9;65;9,7;10,9;26,4;13,2;19,8;4,95
1988;SET;344;7,8;4,1;53;9,8;11,3;30,7;14,3;22,5;6,25
1989;SET;348;6,8;36,1;67;12;10,2;26,1;13,5;19,8;4,17
1990;SET;344;6;61;73;11,4;9,9;26,5;12,2;19,3;4,39
1991;SET;381;7,2;68,9;64;8,2;9,5;28,6;13;20,8;5,36
1992;SET;283;4,3;87,5;81;7,7;9,2;25,1;14;19,6;3,66
1993;SET;305;5,1;154,4;83;8,2;9;26,9;15,3;21,1;3,74
1994;SET;403;8,4;0,5;62;9,1;10,8;31,7;14,1;22,9;6,47
1995;SET;353;6,7;37,6;72;9,2;10,5;28,9;14,1;21,5;5,1
1996;SET;359;6,3;135,2;76;10,2;9,3;27,1;14,8;20,9;5,04
1997;SET;341;5,9;95;71;9,4;7,9;29,4;15,3;22,4;5,29
1998;SET;335;5,7;89,3;76;8,8;8,2;27,7;15,3;21,5;4,36
1999;SET;423;7,8;85,9;70;8,3;9,7;28,8;14;21,4;4,95
2000;SET;396;6,2;91,2;73;9,8;9,1;27,2;15,1;21,2;4,55
2001;SET;425;7,2;48,4;67;9,7;9,1;28,1;14,7;21,4;4,55
2002;SET;340;5,8;44,8;61;8,2;8,1;27,5;13,6;20,6;4,25
2003;SET;378;6,8;12,1;70;7,5;8,9;29,4;14;21,7;5,36
2004;SET;445;8,1;7,1;61;8,3;8,3;32;15,3;23,7;5,89
2005;SET;362;5,4;38,4;80;8,3;8,8;26,8;14,9;20,9;3,63
2006;SET;370;6,3;54,7;67;8,7;8,6;28,3;13,5;20,9;4,71
2007;SET;444;7,5;1,9;57;8,5;8,8;31,3;15,2;23,2;5,84
2008;SET;456;7,6;46,1;68;9,3;8,9;27,1;13,3;20,2;4,71
2009;SET;371;5,2;143,8;77;10,2;7;27,6;16,8;22,2;3,95
2010;SET;406;6,8;107,7;63;10,7;8,2;29,4;15,1;22,3;5,57
2011;SET;516;9,5;1,7;61;9,6;8,1;30,3;12,6;21,4;5,87
2012;SET;484;8,7;40,9;62;9,6;7,9;30,4;14,8;22,6;5,23
2013;SET;453;7,8;35,5;66;9,3;7,3;29,3;14,3;21,8;5,13
2014;SET;453;7,8;84,6;79;10;8,1;30,8;15,9;23,4;6,43
2015;SET;427;7,3;189,8;80;9,3;6,3;30,4;16,7;23,6;6,23
2016;SET;460;8,3;19;67;8,5;8,8;29,3;14;21,6;6,17
2017;SET;489;10,1;46,7;55;8;8;32,1;14;23;5,52
2018;SET;406;7,5;54;71;9;7,7;28,7;13,9;21,3;4,7
2019;SET;438;7,4;55,6;67;9,2;8,9;30,8;15,1;22,9;5,46
1917;OUT;;;58,4;;;;27,6;13,8;20,7;
1918;OUT;;;130,9;;;;27,6;15,7;21,7;
1919;OUT;;;68,2;;;;28,9;16,7;22,8;
1920;OUT;;;82,3;;;;29,3;15;22,2;
1921;OUT;;14,8;59,7;;;;28,4;13,6;21;
1922;OUT;;12,6;91,7;;;;26,5;13,9;20,2;
1923;OUT;;11,3;41,7;;;;26,5;15,2;20,9;
1924;OUT;;16,1;15,2;;;;28,3;12,2;20,3;
1925;OUT;;13,6;110,7;;;;28,4;14,9;21,6;
1926;OUT;;6,7;67,6;;;;28,8;15,4;22,1;
1927;OUT;;6,6;126,1;;;;28,3;15,1;21,7;
1928;OUT;;6,6;58,8;;;;29,2;14,6;21,9;
1929;OUT;;5,1;13,4;;;;30;16,3;23,2;
1930;OUT;;4,3;116,4;;;;27,5;16,3;21,9;
1931;OUT;;7,6;65,8;;;;28;14,1;21,1;
1932;OUT;;6,2;113,4;;;;28,6;16,4;22,5;
1933;OUT;;5,7;109,2;;;;29;14,8;21,9;
1934;OUT;;7,8;70,4;;;;29,5;14,6;22;
1935;OUT;;6,1;211,4;;;;27,5;16;21,8;
1936;OUT;;7,8;51,8;;;;29,9;15,3;22,6;
1937;OUT;;5,2;155,6;;;;27,3;16,3;21,8;
1938;OUT;;4,8;171;;;;27,6;16,8;22,2;
1939;OUT;;7,6;41,9;;;;31,2;15,1;23,2;
1940;OUT;;6,4;95,8;;;;29,4;15,6;22,5;
1941;OUT;;7,4;115,7;;;;28,6;14,1;21,4;
1942;OUT;;6,8;24,3;;;;30;14,6;22,3;
1943;OUT;;5,6;215,8;71;;7,1;27,8;15,6;21,7;2,68
1944;OUT;;6,4;183,5;55;;7,1;32,9;17,6;25,3;4,99
1945;OUT;;6,7;126,4;63;;7,1;30,1;15,7;22,9;4,32
1946;OUT;;6,2;96,2;61;;7,8;30;16,1;23,1;4,41
1947;OUT;;5,7;90,1;85;;8,6;25,5;13,6;19,5;3,45
1948;OUT;;5,8;147,5;62;;10;28;14,7;21,4;4,57
1949;OUT;;5,4;100,5;63;;7,9;27,6;15,1;21,3;4,75
1950;OUT;;5;190,2;72;;7,1;27,2;15,7;21,5;3,49
1951;OUT;;5,6;128,6;65;;8,8;29,4;14,7;22;4,91
1952;OUT;;4,6;105,4;66;;7,2;27,5;15,5;21,5;5,04
1953;OUT;;4,8;97,7;72;;10,5;29,3;16,6;22,9;3,05
1954;OUT;;4,2;87,3;67;;6,9;30;15,2;22,6;3,76
1955;OUT;;5,5;64,8;62;;8,5;28,7;14,5;21,6;5,08
1956;OUT;;7,2;72,6;67;;12,5;27,6;14,6;21,1;4,86
1957;OUT;;7,8;64,2;62;;8,6;29,9;15,6;22,8;5,34
1958;OUT;;7,4;121,2;68;;7,5;28,1;15,5;21,8;5,01
1959;OUT;;6,9;79,6;62;;9,5;30,3;16;23,1;6,03
1960;OUT;;5,2;123,1;69;;11,4;29,6;17,8;23,7;5,41
1961;OUT;;5,6;43,4;60;;7,9;31,5;17,2;24,3;7,07
1962;OUT;;4,9;198,9;78;;6,9;25,4;15,1;20,3;3,54
1963;OUT;;5,5;148,7;66;;9;31,5;17,3;24,4;5,88
1964;OUT;;6,5;161,8;71;;9,7;26,9;15;20,9;4,05
1965;OUT;;6,3;112,1;71;;12,8;28;15,8;21,9;4,13
1966;OUT;;6,5;130,4;65;;10,5;28,7;15,5;22,1;4,66
1967;OUT;;6;210,5;69;;9,2;30,2;16,7;23,5;4,54
1968;OUT;;7,2;121,4;66;;16,7;30,6;15,1;22,9;5,83
1969;OUT;;6;83,4;73;;16,7;27;14,6;20,8;4,15
1970;OUT;;7;83,7;71;;14,3;28,6;15,1;21,9;4,39
1971;OUT;;;151,4;;;;;;;
1972;OUT;;6,7;181,6;;;;28,2;15,3;21,7;
1973;OUT;;;174,6;72;;;;;;
1974;OUT;;6,2;126,6;73;;;28,8;15,7;22,3;
1975;OUT;;6,5;98;73;;;28,7;16,1;22,4;
1976;OUT;;6;168,3;76;;;27;14,4;20,7;
1977;OUT;;7,6;66,7;72;;9,7;30,4;15,9;23,1;
1978;OUT;484;8,3;58,2;70;;10,1;31,4;14,4;22,9;
1979;OUT;299;6,9;101,4;75;;10,3;30,1;16,7;23,5;
1980;OUT;369;6,8;52,5;78;11,7;12,2;28,7;16,4;22,4;
1981;OUT;490;4,9;231,2;78;10,5;10,7;27;15,4;21,1;6,17
1982;OUT;567;6,2;254,5;78;11,9;9,1;28,7;16;22,2;5,72
1983;OUT;537;5;129,1;71;11,3;10,9;28;15,8;21,9;5,66
1984;OUT;471;8,4;27;66;10,3;10,8;31,3;16,3;23,8;7,5
1985;OUT;587;8,9;11,3;62;9,7;10,8;32,4;15,3;23,8;8,2
1986;OUT;465;8,7;52,9;64;8,8;10,4;29,8;16,1;23;6,41
1987;OUT;398;6,8;67;67;10,2;10,3;29,4;16,7;23;5,8
1988;OUT;342;6,1;196,9;63;11,5;11,3;28,6;15,3;22;4,98
1989;OUT;466;8,6;46,3;58;11,5;11,5;28,6;12,9;20,8;6,51
1990;OUT;412;7,3;125,4;71;11;9,7;30,5;16,9;23,7;6,33
1991;OUT;394;6,9;70,5;69;8,8;9,3;29,4;16,3;22,9;5,89
1992;OUT;377;6,3;242,1;78;8,8;9,8;28,9;15,5;22,2;5,25
1993;OUT;418;7;73,4;77;8,1;8,8;30,2;17,1;23,7;5,59
1994;OUT;417;6,3;126,8;73;11,7;11,3;32,2;18,4;25,3;6,85
1995;OUT;392;6,4;190,2;76;10,9;9,7;28,3;15,8;22,1;5,28
1996;OUT;409;6,9;238,5;80;10,7;8,8;29,4;16,8;23,1;5,73
1997;OUT;409;6,4;62,8;77;9,2;9,2;29,4;17,3;23,3;5,61
1998;OUT;369;5,4;183,1;83;9,9;9,2;27,1;16,3;21,7;4,7
1999;OUT;454;7;28,5;73;9,7;11;28,5;15,4;21,9;5,08
2000;OUT;480;7,2;114,2;69;10,4;7,9;32,1;18;25;5,73
2001;OUT;496;7,9;173,3;69;8,8;7,7;29,5;16,1;22,8;5,42
2002;OUT;431;7,4;49,4;54;8,6;8,7;33,8;18,8;26,3;6,57
2003;OUT;423;6,3;89,2;74;8,9;9,5;30;16,3;23,1;5,78
2004;OUT;375;4,7;156,9;81;9,1;8,1;27,4;16,1;21,7;4,57
2005;OUT;364;4,5;120,4;81;8,6;7,1;30,4;18,3;24,3;4,81
2006;OUT;452;6,6;80,3;80;7,5;8,1;29,6;17;23,3;5,36
2007;OUT;467;6,9;92,6;71;8,5;8,3;32,4;17,3;24,9;6,41
2008;OUT;445;5,9;108,7;75;9,9;8,3;29,5;17,6;23,5;5,1
2009;OUT;467;6,6;56,7;76;10,7;8;28,6;17,1;22,8;4,71
2010;OUT;486;7,4;87,4;68;10,3;8;28,6;15,4;22;5,68
2011;OUT;476;7,2;203,1;70;11,7;8,6;29,4;16,9;23,2;6,2
2012;OUT;496;8,2;76,2;65;9,7;7,3;32,6;17,9;25,3;6,14
2013;OUT;510;7,8;153,6;71;9,6;8,5;29,9;16,8;23,3;5,58
2014;OUT;592;9,7;20,1;55;10,8;8,9;32,5;16,7;26,6;8,82
2015;OUT;531;8,4;94,4;73;10;7,1;32,1;18,7;25,4;7,76
2016;OUT;490;7,8;103,1;73;10,7;9,4;29,9;17,1;23,5;5,8
2017;OUT;423;6,4;80,5;71;10;8;30,3;17,3;23,8;5,33
2018;OUT;441;6,8;154,4;77;10,1;8,3;28,9;16,9;22,9;4,65
2019;OUT;;;;;;;;;;
1917;NOV;;;19,8;;;;29,1;12,4;20,8;
1918;NOV;;;125,9;;;;28,7;16,4;22,5;
1919;NOV;;;142;;;;29,1;18,2;23,7;
1920;NOV;;;217,6;;;;28,6;17,3;22,9;
1921;NOV;;14,7;37,7;;;;30,1;15,4;22,7;
1922;NOV;;12,7;109,7;;;;28,6;16;22,3;
1923;NOV;;12,7;60,7;;;;29,1;16,3;22,7;
1924;NOV;;13,3;128,4;;;;28,8;15,5;22,1;
1925;NOV;;11,3;230,3;;;;28,6;17,3;22,9;
1926;NOV;;8,1;74,4;;;;30,1;16,7;23,4;
1927;NOV;;8,6;48,8;;;;30,2;16,8;23,5;
1928;NOV;;8,7;83,2;;;;30,7;17,2;24;
1929;NOV;;7,1;99,2;;;;29;15,4;22,2;
1930;NOV;;7,7;108;;;;29,2;16,4;22,8;
1931;NOV;;6,1;214;;;;28,1;16,5;22,3;
1932;NOV;;7,3;174,8;;;;29,2;17,3;23,3;
1933;NOV;;7,4;40,1;;;;29;14,2;21,6;
1934;NOV;;7,9;122,9;;;;31,8;17,4;24,6;
1935;NOV;;7,5;82;;;;29,9;16,1;23;
1936;NOV;;7,9;86,8;;;;30;16,8;23,4;
1937;NOV;;7;121,8;;;;29;16,4;22,7;
1938;NOV;;8,3;129,6;;;;30,4;17,2;23,8;
1939;NOV;;4,6;198,9;;;;29,2;18,2;23,7;
1940;NOV;;6,2;196,1;;;;29,5;17,5;23,5;
1941;NOV;;5,2;217;;;;28,8;17,7;23,3;
1942;NOV;;6,7;171,3;;;;30,7;16,2;23,5;
1943;NOV;;6,9;163,3;67;;7,2;29,9;16,5;23,2;3,49
1944;NOV;;5,4;260,1;70;;7;28,6;16,2;22,4;3,03
1945;NOV;;5,3;232,9;73;;10,4;27,6;17,2;22,4;3,21
1946;NOV;;8,1;133,4;63;;7,3;30,1;16,9;23,5;4,46
1947;NOV;;7,6;114,6;64;;9,3;28,3;15,2;21,7;4,25
1948;NOV;;6,4;147;68;;9,6;28,4;16,8;22,6;3,52
1949;NOV;;7,4;45,1;58;;8;30,5;14,9;22,7;5,59
1950;NOV;;6;179,8;71;;7,5;27,6;16,1;21,8;3,34
1951;NOV;;2,4;222,6;70;;6,4;29,2;17,3;23,3;4,06
1952;NOV;;6,9;117,9;66;;6,9;29,1;16,9;23;4,22
1953;NOV;;6,3;82,3;67;;5,7;29,3;16,3;22,8;3,59
1954;NOV;;8,9;39,7;57;;7,4;34,2;15,1;24,6;5,82
1955;NOV;;7,3;127,6;62;;9,6;28,1;14,1;21,1;4,54
1956;NOV;;9,1;23,1;57;;13;28,6;14;21,3;7,02
1957;NOV;;7;57,1;69;;8,4;28,5;16,2;22,3;4,54
1958;NOV;;8,3;124,5;64;;7,3;30,8;16,6;23,7;5,59
1959;NOV;;5,8;246,7;69;;9,3;29,4;16,5;23;4,57
1960;NOV;;5,9;93,7;73;;9;28,6;17,2;22,9;3,54
1961;NOV;;7,9;138,3;70;;8,8;30,9;17,8;24,4;5,06
1962;NOV;;8,2;97,3;66;;6,5;29,4;15,6;22,5;5,91
1963;NOV;;7;163,4;64;;6,7;31,5;18,4;25;5,62
1964;NOV;;7,4;52,7;65;;11,2;27,9;15,1;21,5;4,57
1965;NOV;;7,1;99,1;71;;11,5;29,7;16,8;23,3;4,48
1966;NOV;;8,6;85,2;62;;11,6;29,6;16,4;23;4,79
1967;NOV;;6,4;77,5;71;;10,3;28,7;16,6;22,7;4,3
1968;NOV;;7,1;62,8;62;;18,9;31,7;17,4;24,6;7,3
1969;NOV;;4,9;212,7;81;;14,8;28,4;17,6;23;3,58
1970;NOV;;6,9;83,9;66;;16,5;28,6;14,8;21,7;4,98
1971;NOV;;;34,2;;;;;;;
1972;NOV;;;122,8;;;;25;13,6;17,2;
1973;NOV;;;121,7;67;;;;;;
1974;NOV;;8;168,4;;;;30,6;17;23,8;
1975;NOV;;4,3;236,8;78;;;27,8;17,4;22,6;
1976;NOV;;6,7;127,4;75;;;29,1;17,6;23,4;
1977;NOV;;5,3;134,8;79;;9,4;30;17,3;23,6;
1978;NOV;446;6,4;138,9;77;;11;28,7;16,5;22,6;
1979;NOV;365;6,4;102,8;74;;11,4;28,8;16,5;22,6;
1980;NOV;395;6,9;145,2;84;11,7;10,8;27,4;15,9;20,9;
1981;NOV;592;6,5;167,2;77;10,5;9,6;30,2;18,3;24,3;6,79
1982;NOV;590;6,1;210,2;78;11,8;9,4;30,3;18,8;24,6;6,28
1983;NOV;639;7,8;88,4;66;10,3;9;29,5;16,9;23,2;6,82
1984;NOV;535;7,3;201,1;73;11,5;10,2;31;18,1;24,5;7,39
1985;NOV;557;8,1;134,3;61;11,1;11,1;32,2;17,2;24,7;9,22
1986;NOV;423;6,8;110,4;66;10,2;11,4;31;18,1;24,6;6,76
1987;NOV;470;8,4;113,3;67;10,2;10,6;31;17,3;24,2;7,71
1988;NOV;409;8;86;62;11,3;12,4;29,2;15,9;22,5;6,46
1989;NOV;445;7,4;99,9;63;11,4;10,4;29,2;16,3;22,7;6,91
1990;NOV;454;8;124,4;73;11,7;8,5;32,3;19,1;25,7;6,67
1991;NOV;483;8,6;56,8;68;9,6;10,3;31,4;17,5;24,5;7,38
1992;NOV;407;6,2;232,3;78;8,2;9,7;29,5;16,6;23;5,32
1993;NOV;488;8,5;91,6;74;9,8;9,4;32,2;18,3;25,3;7,11
1994;NOV;473;7,6;249,2;74;10,6;10,6;30,7;18,6;24,6;6,78
1995;NOV;480;8,1;156,3;72;10,6;9,6;30,1;17,3;23,7;6,38
1996;NOV;408;6,2;212;80;9,8;9,4;29,1;17,8;23,4;5,91
1997;NOV;427;5,6;269,4;82;8,9;7,7;30,3;19,5;24,9;6,18
1998;NOV;474;7,8;26,6;77;9,7;9,3;30;16,5;23,2;6,11
1999;NOV;480;7;52,1;72;9,2;9,6;29,5;15,7;22,6;5,73
2000;NOV;465;6,8;239,2;77;10,3;7,6;29,8;17,7;23,8;5,76
2001;NOV;466;6,7;152,4;68;9,4;7,7;30,7;18,7;24,7;6,34
2002;NOV;432;5,7;176,5;81;9,9;9,7;30,6;18,8;24,7;6,07
2003;NOV;438;6;168;78;9,2;9,6;29,5;17,7;23,6;5,57
2004;NOV;460;5,3;105,9;78;8,5;8,2;29,2;17,6;23,4;5,52
2005;NOV;442;5,8;117,8;80;8,7;9;29,5;17,1;23,3;5,42
2006;NOV;478;6,5;200,2;80;9,5;9,1;30,4;17,8;24,1;5,72
2007;NOV;462;6,1;120,3;82;9,6;8,6;28,8;17,4;23,1;5,44
2008;NOV;522;7,4;24,3;75;10,8;8,6;30,1;17,6;23,9;5,46
2009;NOV;501;6,9;196,5;74;11,1;7,2;31,7;20,1;25,9;6,42
2010;NOV;525;7,5;39,9;66;10,9;7,5;30,5;17,5;24;6,16
2011;NOV;555;8,7;157,1;69;10;7,9;29,2;16,4;22,8;5,95
2012;NOV;548;8,3;100,2;71;10,2;7,7;30,6;18;24,3;5,81
2013;NOV;524;7,5;109,9;72;9,8;8,2;30,5;18,6;24,6;6,23
2014;NOV;505;6,7;159;73;9,8;7,9;30,7;19,1;24,9;6,14
2015;NOV;420;5;251,5;85;10;5,6;30,5;20,7;25,6;6,04
2016;NOV;498;7,1;190,5;75;10,4;9,1;29,6;17,7;23,6;6,35
2017;NOV;514;7,4;235,7;73;10,6;8,7;29,6;16,9;23,3;5,55
2018;NOV;446;5,4;241,2;76;10,9;9,1;29,3;17,6;23,5;5,71
1917;DEZ;;;194,3;;;;29;16;22,5;
1918;DEZ;;;127,2;;;;29,2;17,2;23,2;
1919;DEZ;;;102,4;;;;30,2;18,5;24,4;
1920;DEZ;;;161,6;;;;29,1;17,7;23,4;
1921;DEZ;;12,3;180,6;;;;30,3;18;24,2;
1922;DEZ;;11,9;105,6;;;;29,2;17,3;23,2;
1923;DEZ;;13,4;125,5;;;;32,3;18,8;25,6;
1924;DEZ;;11,2;231,8;;;;29,1;17,9;23,5;
1925;DEZ;;11,6;159,4;;;;30;18,3;24,2;
1926;DEZ;;4,8;360,8;;;;28;18,8;23,4;
1927;DEZ;;7,8;109,5;;;;29,4;16,8;23,1;
1928;DEZ;;5,7;272;;;;29,6;18,7;24,1;
1929;DEZ;;5,7;303;;;;30,1;19,3;24,7;
1930;DEZ;;4,9;328,6;;;;28,2;18,3;23,3;
1931;DEZ;;6,8;149,1;;;;29,8;18,2;24;
1932;DEZ;;5,6;336,4;;;;28,8;19,1;23,9;
1933;DEZ;;4,6;302;;;;28,9;17,2;23;
1934;DEZ;;4,7;415,9;;;;28,2;19,1;23,6;
1935;DEZ;;7,4;184,7;;;;31,4;19,5;25,4;
1936;DEZ;;5,3;293,6;;;;30,2;19,7;24,9;
1937;DEZ;;6,6;141,8;;;;28,3;17,4;22,8;
1938;DEZ;;6,1;209,6;;;;29;18,7;23,9;
1939;DEZ;;5,9;259;;;;29,3;19,1;24,2;
1940;DEZ;;7,1;198;;;;32,5;20,5;26,5;
1941;DEZ;;5,4;186,6;;;;29,3;18,3;23,8;
1942;DEZ;;5,1;201,1;;;;28;17,2;22,6;
1943;DEZ;;5,3;359,9;73;;6,2;28,7;16,9;22,8;2,57
1944;DEZ;;8,2;158,7;61;;7,8;31,5;16,8;24,2;3,96
1945;DEZ;;8,9;162,7;75;;10,4;27,9;17;22,5;3,29
1946;DEZ;;4,7;82;70;;7,3;29,7;18,1;23,9;4,08
1947;DEZ;;5,4;219,6;74;;7,8;27,8;17,3;22,6;2,82
1948;DEZ;;8,7;109;63;;6,7;30,4;16,9;23,6;3,58
1949;DEZ;;5,1;420,5;70;;7,4;28,3;18,2;23,2;0,96
1950;DEZ;;6,3;134;75;;8;29;17,4;23,2;2,77
1951;DEZ;;7,4;91;74;;5,9;28,2;16,9;22,5;2,94
1952;DEZ;;9,6;153,6;58;;5,4;30,7;16,9;23,8;5,42
1953;DEZ;;7,2;152,4;68;;5,1;31,1;17,3;24,2;3,19
1954;DEZ;;5,6;193;68;;7,2;30,1;16,9;23,5;3,74
1955;DEZ;;5,4;197,3;72;;8,6;29,4;18,3;23,9;4,43
1956;DEZ;;8,1;137;63;;10,1;29,7;16,7;23,2;6,27
1957;DEZ;;7,3;197,3;72;;8,5;29,9;18,2;24,1;4,04
1958;DEZ;;7,1;151,2;69;;6,8;31,1;18,6;24,8;4,14
1959;DEZ;;7,8;191,1;71;;8,5;31;18,1;24,5;4,44
1960;DEZ;;6,5;314,2;71;;8,8;29,4;17,8;23,6;4,7
1961;DEZ;;5,5;157,9;76;;7,7;28,6;18;23,3;4,01
1962;DEZ;;6,2;201,6;78;;4,9;28,6;18,4;23,5;3,83
1963;DEZ;;9;148,4;64;;8,9;31,3;17,7;24,5;5,28
1964;DEZ;;4,9;268,4;75;;9,2;27,6;17,5;22,6;2,93
1965;DEZ;;2,7;292;78;;8,4;29;19,6;24,3;3,37
1966;DEZ;;7,1;225,4;70;;10,4;30,4;18,9;24,6;4,34
1967;DEZ;;5,3;154,9;75;;13;27,6;16,9;22,2;3,62
1968;DEZ;;7,8;235,5;73;;15,3;30,2;18,6;24,4;4,46
1969;DEZ;;7,8;198,9;74;;16,3;28,8;16,3;22,6;4,54
1970;DEZ;;6,7;138,8;70;;13,1;31,2;18,9;25;5,37
1971;DEZ;;;178,7;;;;;;;
1972;DEZ;;;91,8;;;;;;;
1973;DEZ;;;328,6;80;;;;;;
1974;DEZ;;3,4;247,7;82;;;27,2;18,9;23,1;
1975;DEZ;;5,7;315,1;77;;;30;17,8;23,9;
1976;DEZ;;4,2;191,4;83;;;28,5;19,2;23,8;
1977;DEZ;;5,3;238,1;80;;10,2;28;16,2;22,1;
1978;DEZ;475;6,6;96,6;75;;10,4;29,4;16,8;23,1;
1979;DEZ;328;3,9;105,7;81;;9,8;30,2;19;24,6;
1980;DEZ;394;6,5;185,1;91;11,6;9,6;28,2;18,4;22,5;
1981;DEZ;513;4,4;211,2;78;9,8;10,4;29;18,4;23,6;6,64
1982;DEZ;481;3,5;215;85;9,8;9,1;28;18,4;23,2;7,25
1983;DEZ;546;4,6;161,4;78;10,9;9,4;29,5;18,9;24,2;7,04
1984;DEZ;487;5,6;196;79;10,7;9,3;29,4;18,1;23,7;6,14
1985;DEZ;588;7,6;71,7;66;10,4;10,6;31,9;18,1;25;7,37
1986;DEZ;365;4;282,3;83;12;9;29,2;19,4;24,3;5,36
1987;DEZ;443;7,2;190,5;73;11;10,5;30,6;18,6;24,6;7,24
1988;DEZ;368;7,1;200,4;65;10;9,5;30,1;17,9;24;6,29
1989;DEZ;418;6,9;195,1;66;11,5;11,5;29,7;17,7;23,7;6,51
1990;DEZ;458;7,4;61,1;72;10,5;9,9;31,5;18,3;24,9;6,48
1991;DEZ;409;6;194,5;81;11,5;8,7;30,4;19,1;24,7;5,83
1992;DEZ;475;8,2;142,2;74;7,4;9,1;30,2;16,8;23,5;6,67
1993;DEZ;412;5,9;146,4;83;8,9;9,3;30,2;19,5;24,8;5,88
1994;DEZ;483;7,2;260,8;80;10;8,4;31,7;19,9;25,8;6,69
1995;DEZ;433;6,7;222,2;78;10;9,2;30,1;18,8;24,5;6,38
1996;DEZ;412;6;188,3;85;11,7;7;30,6;19,8;25,2;5,72
1997;DEZ;479;6,7;186,7;80;9,3;7;31,1;19,7;25,4;6,09
1998;DEZ;441;6,1;292,6;82;8,7;6,3;30;19,2;24,6;5,91
1999;DEZ;508;7,2;269,9;78;9,9;8;30,6;19;24,8;6,13
2000;DEZ;448;5,6;196,2;81;9,1;6,9;29,8;19;24,4;5,72
2001;DEZ;427;5,4;204,2;83;9,2;7,1;29,2;18,7;24;5,62
2002;DEZ;461;6;166,1;86;9,4;7,9;31,2;19,7;25,4;5,83
2003;DEZ;456;6,4;139,9;84;8,8;8,1;30,4;19,4;24,9;6,06
2004;DEZ;438;5,4;99,8;83;8,4;6,7;29,5;18,2;23,8;5,01
2005;DEZ;451;5,3;127,1;82;8,7;8,8;29,5;17,8;23,7;5,11
2006;DEZ;489;6;251,7;89;9,7;7,2;30,1;19,8;25;5,13
2007;DEZ;527;7,5;188,6;81;8,7;6,9;30,8;18,8;24,8;5,99
2008;DEZ;532;7,3;153;78;10,2;7,3;30,2;17,9;24;5,34
2009;DEZ;460;5,5;274,3;79;10,5;6,3;29,5;19,7;24,6;4,86
2010;DEZ;482;6,3;244,1;76;10,7;7;30,7;19,9;25,3;6,1
2011;DEZ;582;8,5;176,1;73;9,8;6,5;30,5;18,4;24,5;5,94
2012;DEZ;554;7,9;192,9;80;10,7;5,6;32,9;21,1;27;5,82
2013;DEZ;580;8,8;121;71;10,4;7,8;32,5;20,2;26,4;6,94
2014;DEZ;546;8;256,9;77;10,7;6,3;32,5;20,5;26,5;6,41
2015;DEZ;515;5,9;246,8;84;10,5;5,2;32,5;21,7;27,1;6,78
2016;DEZ;538;7,3;190,6;76;12,2;7,9;31,4;19,2;25,3;6,57
2017;DEZ;488;6,9;148,6;76;10,6;7,7;31;19,4;25,2;6,59
2018;DEZ;583;8,5;52,2;69;9,9;7,9;32,3;18,5;25,4;6,82
